Destination,Package Name,Day,City,Type,Code,No of Nights
Bali,Thrills of Bali for Two,1,Seminyak,Transfer,TRA_51502,
Bali,Thrills of Bali for Two,1,Seminyak,Hotel,,5
Bali,Thrills of Bali for Two,1,Seminyak,Activity,ACT_55324,
Bali,Thrills of Bali for Two,2,Seminyak,Activity,ACT_57296,
Bali,Thrills of Bali for Two,3,Seminyak,Activity,ACT_55350,
Bali,Thrills of Bali for Two,4,Seminyak,Activity,ACT_55426,
Bali,Thrills of Bali for Two,6,Seminyak,Transfer,TRA_52107,
Bali,Thrills of Bali for Two,6,Ubud,Hotel,,2
Bali,Thrills of Bali for Two,6,Ubud,Activity,ACT_55528,
Bali,Thrills of Bali for Two,7,Ubud,Activity,ACT_57641,
Bali,Thrills of Bali for Two,8,Ubud,Transfer,TRA_51473,
Bali,Bali Funventure,1,Kuta,Transfer,TRA_52029,
Bali,Bali Funventure,1,Kuta,Hotel,,4
Bali,Bali Funventure,1,Kuta,Activity,ACT_55324,
Bali,Bali Funventure,2,Kuta,Activity,ACT_54239,
Bali,Bali Funventure,3,Kuta,Activity,ACT_55543,
Bali,Bali Funventure,4,Kuta,Activity,ACT_55325,
Bali,Bali Funventure,5,Kuta,Transfer,TRA_52106,
Bali,Bali Funventure,5,Ubud,Hotel,,2
Bali,Bali Funventure,5,Ubud,Activity,ACT_57293,
Bali,Bali Funventure,6,Ubud,Activity,ACT_57193,
Bali,Bali Funventure,7,Ubud,Transfer,TRA_51473,
Bali,Island Highs,1,Seminyak,Transfer,TRA_51502,
Bali,Island Highs,1,Seminyak,Hotel,,2
Bali,Island Highs,1,Seminyak,Activity,ACT_55324,
Bali,Island Highs,2,Seminyak,Activity,ACT_57296,
Bali,Island Highs,3,Seminyak,Transfer,TRA_52104,
Bali,Island Highs,3,Kuta,Hotel,,3
Bali,Island Highs,3,Kuta,Activity,ACT_55350,
Bali,Island Highs,4,Kuta,Activity,ACT_54243,
Bali,Island Highs,5,Kuta,Activity,ACT_55429,
Bali,Island Highs,6,Kuta,Transfer,TRA_51471,
Bali,Bali Adventure Highs,1,Ubud,Transfer,TRA_51472,
Bali,Bali Adventure Highs,1,Ubud,Hotel,,2
Bali,Bali Adventure Highs,1,Ubud,Activity,ACT_55324,
Bali,Bali Adventure Highs,2,Ubud,Activity,ACT_55528,
Bali,Bali Adventure Highs,3,Ubud,Transfer,TRA_52105,
Bali,Bali Adventure Highs,3,Kuta,Hotel,,3
Bali,Bali Adventure Highs,3,Kuta,Activity,ACT_55350,
Bali,Bali Adventure Highs,4,Kuta,Activity,ACT_54986,
Bali,Bali Adventure Highs,5,Kuta,Activity,ACT_52380,
Bali,Bali Adventure Highs,6,Kuta,Transfer,TRA_51471,
Bali,Beach Bliss for Two,1,Kuta,Transfer,TRA_52029,
Bali,Beach Bliss for Two,1,Kuta,Hotel,,4
Bali,Beach Bliss for Two,1,Kuta,Activity,ACT_55324,
Bali,Beach Bliss for Two,2,Kuta,Activity,ACT_55415,
Bali,Beach Bliss for Two,3,Kuta,Activity,ACT_55426,
Bali,Beach Bliss for Two,4,Kuta,Activity,ACT_57277,
Bali,Beach Bliss for Two,5,Kuta,Transfer,TRA_52103,
Bali,Beach Bliss for Two,5,Seminyak,Hotel,,2
Bali,Beach Bliss for Two,5,Seminyak,Activity,ACT_55330,
Bali,Beach Bliss for Two,6,Seminyak,Activity,ACT_54243,
Bali,Beach Bliss for Two,7,Seminyak,Transfer,TRA_51503,
Bali,Bali Beach Family Fun,1,Nusa Dua,Transfer,TRA_55471,
Bali,Bali Beach Family Fun,1,Nusa Dua,Hotel,,4
Bali,Bali Beach Family Fun,1,Nusa Dua,Activity,ACT_55324,
Bali,Bali Beach Family Fun,2,Nusa Dua,Activity,ACT_55415,
Bali,Bali Beach Family Fun,3,Nusa Dua,Activity,ACT_55426,
Bali,Bali Beach Family Fun,4,Nusa Dua,Activity,ACT_55407,
Bali,Bali Beach Family Fun,5,Nusa Dua,Transfer,TRA_55611,
Bali,Bali Beach Family Fun,5,Seminyak,Hotel,,2
Bali,Bali Beach Family Fun,5,Seminyak,Activity,ACT_55543,
Bali,Bali Beach Family Fun,6,Seminyak,Activity,ACT_55350,
Bali,Bali Beach Family Fun,7,Seminyak,Transfer,TRA_51503,
Bali,"Sun, Surf & the Crew",1,Seminyak,Transfer,TRA_51502,
Bali,"Sun, Surf & the Crew",1,Seminyak,Hotel,,3
Bali,"Sun, Surf & the Crew",1,Seminyak,Activity,ACT_55324,
Bali,"Sun, Surf & the Crew",2,Seminyak,Activity,ACT_55754,
Bali,"Sun, Surf & the Crew",3,Seminyak,Activity,ACT_55350,
Bali,"Sun, Surf & the Crew",4,Seminyak,Transfer,TRA_52104,
Bali,"Sun, Surf & the Crew",4,Kuta,Hotel,,3
Bali,"Sun, Surf & the Crew",4,Kuta,Activity,ACT_55413,
Bali,"Sun, Surf & the Crew",5,Kuta,Activity,ACT_55429,
Bali,"Sun, Surf & the Crew",6,Kuta,Activity,ACT_55426,
Bali,"Sun, Surf & the Crew",7,Kuta,Transfer,TRA_51471,
Bali,Bali Island Escape,1,Seminyak,Transfer,TRA_51502,
Bali,Bali Island Escape,1,Seminyak,Hotel,,4
Bali,Bali Island Escape,1,Seminyak,Activity,ACT_55324,
Bali,Bali Island Escape,2,Seminyak,Activity,ACT_55415,
Bali,Bali Island Escape,3,Seminyak,Activity,ACT_55526,
Bali,Bali Island Escape,4,Seminyak,Activity,ACT_55389,
Bali,Bali Island Escape,5,Seminyak,Transfer,TRA_51503,
Bali,Jewels of Nusa Penida,1,Kuta,Transfer,TRA_52029,
Bali,Jewels of Nusa Penida,1,Kuta,Hotel,,2
Bali,Jewels of Nusa Penida,1,Kuta,Activity,ACT_55324,
Bali,Jewels of Nusa Penida,2,Kuta,Activity,ACT_55415,
Bali,Jewels of Nusa Penida,3,Kuta,Transfer,TRA_55329,
Bali,Jewels of Nusa Penida,3,Insel Nusa Penida,Hotel,,5
Bali,Jewels of Nusa Penida,3,Insel Nusa Penida,Activity,ACT_57628,
Bali,Jewels of Nusa Penida,4,Insel Nusa Penida,Activity,ACT_57629,
Bali,Jewels of Nusa Penida,8,Insel Nusa Penida,Transfer,TRA_54675,
Bali,Jewels of Nusa Penida,8,Kuta,Transfer,TRA_51471,
Bali,Seminyak Escape,1,Ubud,Transfer,TRA_51472,
Bali,Seminyak Escape,1,Ubud,Hotel,,2
Bali,Seminyak Escape,1,Ubud,Activity,ACT_55324,
Bali,Seminyak Escape,2,Ubud,Activity,ACT_57236,
Bali,Seminyak Escape,3,Ubud,Transfer,TRA_52108,
Bali,Seminyak Escape,3,Seminyak,Hotel,,3
Bali,Seminyak Escape,3,Seminyak,Activity,ACT_55526,
Bali,Seminyak Escape,4,Seminyak,Activity,ACT_55279,
Bali,Seminyak Escape,5,Seminyak,Activity,ACT_54234,
Bali,Seminyak Escape,6,Seminyak,Transfer,TRA_51503,
Bali,Kuta Family Fun,1,Kuta,Transfer,TRA_52029,
Bali,Kuta Family Fun,1,Kuta,Hotel,,4
Bali,Kuta Family Fun,1,Kuta,Activity,ACT_55324,
Bali,Kuta Family Fun,2,Kuta,Activity,ACT_55543,
Bali,Kuta Family Fun,3,Kuta,Activity,ACT_54273,
Bali,Kuta Family Fun,4,Kuta,Activity,ACT_53221,
Bali,Kuta Family Fun,5,Kuta,Transfer,TRA_52106,
Bali,Kuta Family Fun,5,Ubud,Hotel,,2
Bali,Kuta Family Fun,5,Ubud,Activity,ACT_52380,
Bali,Kuta Family Fun,6,Ubud,Activity,ACT_57641,
Bali,Kuta Family Fun,7,Ubud,Transfer,TRA_51473,
Bali,Urban Bali with the Crew,1,Seminyak,Transfer,TRA_51502,
Bali,Urban Bali with the Crew,1,Seminyak,Hotel,,4
Bali,Urban Bali with the Crew,1,Seminyak,Activity,ACT_55324,
Bali,Urban Bali with the Crew,2,Seminyak,Activity,ACT_54243,
Bali,Urban Bali with the Crew,3,Seminyak,Activity,ACT_55782,
Bali,Urban Bali with the Crew,4,Seminyak,Activity,ACT_55279,
Bali,Urban Bali with the Crew,5,Seminyak,Transfer,TRA_51503,
Bali,Bali City Explorer,1,Kuta,Transfer,TRA_52029,
Bali,Bali City Explorer,1,Kuta,Hotel,,3
Bali,Bali City Explorer,1,Kuta,Activity,ACT_55324,
Bali,Bali City Explorer,2,Kuta,Activity,ACT_53221,
Bali,Bali City Explorer,3,Kuta,Activity,ACT_54234,
Bali,Bali City Explorer,4,Kuta,Transfer,TRA_52106,
Bali,Bali City Explorer,4,Ubud,Hotel,,2
Bali,Bali City Explorer,4,Ubud,Activity,ACT_57236,
Bali,Bali City Explorer,5,Ubud,Activity,ACT_57240,
Bali,Bali City Explorer,6,Ubud,Transfer,TRA_51473,
Bali,Heart of Bali,1,Ubud,Transfer,TRA_51472,
Bali,Heart of Bali,1,Ubud,Hotel,,5
Bali,Heart of Bali,1,Ubud,Activity,ACT_55324,
Bali,Heart of Bali,2,Ubud,Activity,ACT_57240,
Bali,Heart of Bali,3,Ubud,Activity,ACT_52380,
Bali,Heart of Bali,4,Ubud,Activity,ACT_55814,
Bali,Heart of Bali,5,Ubud,Activity,ACT_55416,
Bali,Heart of Bali,6,Ubud,Transfer,TRA_52108,
Bali,Heart of Bali,6,Seminyak,Hotel,,1
Bali,Heart of Bali,6,Seminyak,Activity,ACT_53221,
Bali,Heart of Bali,7,Seminyak,Transfer,TRA_51503,
Bali,Bali Heritage Quest,1,Ubud,Transfer,TRA_51472,
Bali,Bali Heritage Quest,1,Ubud,Hotel,,2
Bali,Bali Heritage Quest,1,Ubud,Activity,ACT_55324,
Bali,Bali Heritage Quest,2,Ubud,Activity,ACT_57240,
Bali,Bali Heritage Quest,3,Ubud,Transfer,TRA_52105,
Bali,Bali Heritage Quest,3,Kuta,Hotel,,4
Bali,Bali Heritage Quest,3,Kuta,Activity,ACT_52380,
Bali,Bali Heritage Quest,4,Kuta,Activity,ACT_55416,
Bali,Bali Heritage Quest,5,Kuta,Activity,ACT_53221,
Bali,Bali Heritage Quest,6,Kuta,Activity,ACT_53181,
Bali,Bali Heritage Quest,7,Kuta,Transfer,TRA_51471,
Bali,Tribe Culture Trek,1,Kuta,Transfer,TRA_52029,
Bali,Tribe Culture Trek,1,Kuta,Hotel,,4
Bali,Tribe Culture Trek,1,Kuta,Activity,ACT_55324,
Bali,Tribe Culture Trek,2,Kuta,Activity,ACT_52380,
Bali,Tribe Culture Trek,3,Kuta,Activity,ACT_53221,
Bali,Tribe Culture Trek,4,Kuta,Activity,ACT_53955,
Bali,Tribe Culture Trek,5,Kuta,Transfer,TRA_52106,
Bali,Tribe Culture Trek,5,Ubud,Hotel,,2
Bali,Tribe Culture Trek,5,Ubud,Activity,ACT_57641,
Bali,Tribe Culture Trek,6,Ubud,Activity,ACT_57240,
Bali,Tribe Culture Trek,7,Ubud,Transfer,TRA_51473,
Bali,Bali Cultural Discovery,1,Ubud,Transfer,TRA_51472,
Bali,Bali Cultural Discovery,1,Ubud,Hotel,,2
Bali,Bali Cultural Discovery,1,Ubud,Activity,ACT_55324,
Bali,Bali Cultural Discovery,2,Ubud,Activity,ACT_57240,
Bali,Bali Cultural Discovery,3,Ubud,Transfer,TRA_52105,
Bali,Bali Cultural Discovery,3,Kuta,Hotel,,3
Bali,Bali Cultural Discovery,3,Kuta,Activity,ACT_52380,
Bali,Bali Cultural Discovery,4,Kuta,Activity,ACT_55416,
Bali,Bali Cultural Discovery,5,Kuta,Activity,ACT_53221,
Bali,Bali Cultural Discovery,6,Kuta,Transfer,TRA_51471,
Bali,Grandeur of Bali,1,Seminyak,Transfer,TRA_51502,
Bali,Grandeur of Bali,1,Seminyak,Hotel,,3
Bali,Grandeur of Bali,1,Seminyak,Activity,ACT_55324,
Bali,Grandeur of Bali,2,Seminyak,Activity,ACT_55279,
Bali,Grandeur of Bali,4,Seminyak,Transfer,TRA_52107,
Bali,Grandeur of Bali,4,Ubud,Hotel,,5
Bali,Grandeur of Bali,4,Ubud,Activity,ACT_57281,
Bali,Grandeur of Bali,5,Ubud,Activity,ACT_57280,
Bali,Grandeur of Bali,6,Ubud,Activity,ACT_57654,
Bali,Grandeur of Bali,9,Ubud,Transfer,TRA_51473,
Bali,Bali Premium Family Retreat,1,Nusa Dua,Transfer,TRA_55471,
Bali,Bali Premium Family Retreat,1,Nusa Dua,Hotel,,4
Bali,Bali Premium Family Retreat,1,Nusa Dua,Activity,ACT_55324,
Bali,Bali Premium Family Retreat,2,Nusa Dua,Activity,ACT_55407,
Bali,Bali Premium Family Retreat,3,Nusa Dua,Activity,ACT_55426,
Bali,Bali Premium Family Retreat,4,Nusa Dua,Activity,ACT_55417,
Bali,Bali Premium Family Retreat,5,Nusa Dua,Transfer,TRA_54225,
Bali,Bali Premium Family Retreat,5,Ubud,Hotel,,4
Bali,Bali Premium Family Retreat,5,Ubud,Activity,ACT_57641,
Bali,Bali Premium Family Retreat,6,Ubud,Activity,ACT_57193,
Bali,Bali Premium Family Retreat,9,Ubud,Transfer,TRA_51473,
Bali,The Curated Bali Experience,1,Seminyak,Transfer,TRA_51502,
Bali,The Curated Bali Experience,1,Seminyak,Hotel,,4
Bali,The Curated Bali Experience,1,Seminyak,Activity,ACT_55324,
Bali,The Curated Bali Experience,2,Seminyak,Activity,ACT_55426,
Bali,The Curated Bali Experience,3,Seminyak,Activity,ACT_54243,
Bali,The Curated Bali Experience,4,Seminyak,Activity,ACT_57296,
Bali,The Curated Bali Experience,5,Seminyak,Transfer,TRA_52107,
Bali,The Curated Bali Experience,5,Ubud,Hotel,,2
Bali,The Curated Bali Experience,5,Ubud,Activity,ACT_57641,
Bali,The Curated Bali Experience,6,Ubud,Activity,ACT_57279,
Bali,The Curated Bali Experience,7,Ubud,Transfer,TRA_51473,
Bali,Bespoke Bali Retreat,1,Ubud,Transfer,TRA_51472,
Bali,Bespoke Bali Retreat,1,Ubud,Hotel,,3
Bali,Bespoke Bali Retreat,1,Ubud,Activity,ACT_55324,
Bali,Bespoke Bali Retreat,2,Ubud,Activity,ACT_57281,
Bali,Bespoke Bali Retreat,3,Ubud,Activity,ACT_57292,
Bali,Bespoke Bali Retreat,4,Ubud,Transfer,TRA_52108,
Bali,Bespoke Bali Retreat,4,Seminyak,Hotel,,5
Bali,Bespoke Bali Retreat,4,Seminyak,Activity,ACT_55389,
Bali,Bespoke Bali Retreat,5,Seminyak,Activity,ACT_55327,
Bali,Bespoke Bali Retreat,6,Seminyak,Activity,ACT_55330,
Bali,Bespoke Bali Retreat,9,Seminyak,Transfer,TRA_51503,
Bali,Highland Love Escape,1,Ubud,Transfer,TRA_51472,
Bali,Highland Love Escape,1,Ubud,Hotel,,3
Bali,Highland Love Escape,1,Ubud,Activity,ACT_55324,
Bali,Highland Love Escape,2,Ubud,Activity,ACT_57286,
Bali,Highland Love Escape,3,Ubud,Activity,ACT_55528,
Bali,Highland Love Escape,4,Ubud,Transfer,TRA_52108,
Bali,Highland Love Escape,4,Seminyak,Hotel,,4
Bali,Highland Love Escape,4,Seminyak,Activity,ACT_55327,
Bali,Highland Love Escape,5,Seminyak,Activity,ACT_55330,
Bali,Highland Love Escape,8,Seminyak,Transfer,TRA_51503,
Bali,Bali Highland Family Adventure,1,Ubud,Transfer,TRA_51472,
Bali,Bali Highland Family Adventure,1,Ubud,Hotel,,3
Bali,Bali Highland Family Adventure,1,Ubud,Activity,ACT_55324,
Bali,Bali Highland Family Adventure,2,Ubud,Activity,ACT_57193,
Bali,Bali Highland Family Adventure,3,Ubud,Activity,ACT_57286,
Bali,Bali Highland Family Adventure,4,Ubud,Transfer,TRA_52105,
Bali,Bali Highland Family Adventure,4,Kuta,Hotel,,3
Bali,Bali Highland Family Adventure,4,Kuta,Activity,ACT_55422,
Bali,Bali Highland Family Adventure,5,Kuta,Activity,ACT_55407,
Bali,Bali Highland Family Adventure,6,Kuta,Activity,ACT_53955,
Bali,Bali Highland Family Adventure,7,Kuta,Transfer,TRA_51471,
Bali,Summit Seekers,1,Kuta,Transfer,TRA_52029,
Bali,Summit Seekers,1,Kuta,Hotel,,3
Bali,Summit Seekers,1,Kuta,Activity,ACT_55324,
Bali,Summit Seekers,2,Kuta,Activity,ACT_54804,
Bali,Summit Seekers,3,Kuta,Activity,ACT_55350,
Bali,Summit Seekers,4,Kuta,Transfer,TRA_52106,
Bali,Summit Seekers,4,Ubud,Hotel,,3
Bali,Summit Seekers,4,Ubud,Activity,ACT_55528,
Bali,Summit Seekers,5,Ubud,Activity,ACT_57193,
Bali,Summit Seekers,6,Ubud,Activity,ACT_57286,
Bali,Summit Seekers,7,Ubud,Transfer,TRA_51473,
Bali,Volcanic Trails,1,Ubud,Transfer,TRA_51472,
Bali,Volcanic Trails,1,Ubud,Hotel,,2
Bali,Volcanic Trails,1,Ubud,Activity,ACT_55324,
Bali,Volcanic Trails,2,Ubud,Activity,ACT_55528,
Bali,Volcanic Trails,3,Ubud,Transfer,TRA_52108,
Bali,Volcanic Trails,3,Seminyak,Hotel,,2
Bali,Volcanic Trails,3,Seminyak,Activity,ACT_55350,
Bali,Volcanic Trails,4,Seminyak,Activity,ACT_54986,
Bali,Volcanic Trails,5,Seminyak,Transfer,TRA_51503,
Bali,Dazzling Bali Nights,1,Seminyak,Transfer,TRA_51502,
Bali,Dazzling Bali Nights,1,Seminyak,Hotel,,7
Bali,Dazzling Bali Nights,1,Seminyak,Activity,ACT_55324,
Bali,Dazzling Bali Nights,2,Seminyak,Activity,ACT_55279,
Bali,Dazzling Bali Nights,3,Seminyak,Activity,ACT_57277,
Bali,Dazzling Bali Nights,4,Seminyak,Activity,ACT_54243,
Bali,Dazzling Bali Nights,8,Seminyak,Transfer,TRA_51503,
Bali,Bali Night Lights,1,Nusa Dua,Transfer,TRA_55471,
Bali,Bali Night Lights,1,Nusa Dua,Hotel,,2
Bali,Bali Night Lights,1,Nusa Dua,Activity,ACT_55324,
Bali,Bali Night Lights,2,Nusa Dua,Activity,ACT_55408,
Bali,Bali Night Lights,3,Nusa Dua,Transfer,TRA_54225,
Bali,Bali Night Lights,3,Ubud,Hotel,,3
Bali,Bali Night Lights,3,Ubud,Activity,ACT_57240,
Bali,Bali Night Lights,4,Ubud,Activity,ACT_57641,
Bali,Bali Night Lights,5,Ubud,Activity,ACT_55417,
Bali,Bali Night Lights,6,Ubud,Transfer,TRA_51473,
Bali,Island Beats,1,Seminyak,Transfer,TRA_51502,
Bali,Island Beats,1,Seminyak,Hotel,,2
Bali,Island Beats,1,Seminyak,Activity,ACT_55324,
Bali,Island Beats,2,Seminyak,Activity,ACT_54243,
Bali,Island Beats,3,Seminyak,Transfer,TRA_52104,
Bali,Island Beats,3,Kuta,Hotel,,4
Bali,Island Beats,3,Kuta,Activity,ACT_55429,
Bali,Island Beats,4,Kuta,Activity,ACT_57296,
Bali,Island Beats,5,Kuta,Activity,ACT_55415,
Bali,Island Beats,6,Kuta,Activity,ACT_55426,
Bali,Island Beats,7,Kuta,Transfer,TRA_51471,
Bali,Bali After Dark,1,Seminyak,Transfer,TRA_51502,
Bali,Bali After Dark,1,Seminyak,Hotel,,4
Bali,Bali After Dark,1,Seminyak,Activity,ACT_55324,
Bali,Bali After Dark,2,Seminyak,Activity,ACT_54243,
Bali,Bali After Dark,3,Seminyak,Activity,ACT_55279,
Bali,Bali After Dark,4,Seminyak,Activity,ACT_55782,
Bali,Bali After Dark,5,Seminyak,Transfer,TRA_51503,
Bali,A Balinese Love Story,1,Seminyak,Transfer,TRA_51502,
Bali,A Balinese Love Story,1,Seminyak,Hotel,,4
Bali,A Balinese Love Story,1,Seminyak,Activity,ACT_55324,
Bali,A Balinese Love Story,2,Seminyak,Activity,ACT_55279,
Bali,A Balinese Love Story,3,Seminyak,Activity,ACT_55330,
Bali,A Balinese Love Story,5,Seminyak,Transfer,TRA_52107,
Bali,A Balinese Love Story,5,Ubud,Hotel,,3
Bali,A Balinese Love Story,5,Ubud,Activity,ACT_57281,
Bali,A Balinese Love Story,6,Ubud,Activity,ACT_57280,
Bali,A Balinese Love Story,7,Ubud,Activity,ACT_57654,
Bali,A Balinese Love Story,8,Ubud,Transfer,TRA_51473,
Bali,Paradise for Two,1,Nusa Dua,Transfer,TRA_55471,
Bali,Paradise for Two,1,Nusa Dua,Hotel,,3
Bali,Paradise for Two,1,Nusa Dua,Activity,ACT_55324,
Bali,Paradise for Two,2,Nusa Dua,Activity,ACT_55426,
Bali,Paradise for Two,3,Nusa Dua,Activity,ACT_55327,
Bali,Paradise for Two,4,Nusa Dua,Transfer,TRA_55611,
Bali,Paradise for Two,4,Seminyak,Hotel,,3
Bali,Paradise for Two,4,Seminyak,Activity,ACT_55330,
Bali,Paradise for Two,5,Seminyak,Activity,ACT_55279,
Bali,Paradise for Two,6,Seminyak,Activity,ACT_55389,
Bali,Paradise for Two,7,Seminyak,Transfer,TRA_51503,
Bali,Bali Love Escape,1,Ubud,Transfer,TRA_51472,
Bali,Bali Love Escape,1,Ubud,Hotel,,2
Bali,Bali Love Escape,1,Ubud,Activity,ACT_55324,
Bali,Bali Love Escape,2,Ubud,Activity,ACT_57279,
Bali,Bali Love Escape,3,Ubud,Transfer,TRA_52108,
Bali,Bali Love Escape,3,Seminyak,Hotel,,5
Bali,Bali Love Escape,3,Seminyak,Activity,ACT_55279,
Bali,Bali Love Escape,4,Seminyak,Activity,ACT_55330,
Bali,Bali Love Escape,5,Seminyak,Activity,ACT_55526,
Bali,Bali Love Escape,8,Seminyak,Transfer,TRA_51503,
Bali,Tropical Love Escape,1,Seminyak,Transfer,TRA_51502,
Bali,Tropical Love Escape,1,Seminyak,Hotel,,4
Bali,Tropical Love Escape,1,Seminyak,Activity,ACT_55324,
Bali,Tropical Love Escape,2,Seminyak,Activity,ACT_55330,
Bali,Tropical Love Escape,3,Seminyak,Activity,ACT_57296,
Bali,Tropical Love Escape,4,Seminyak,Activity,ACT_55279,
Bali,Tropical Love Escape,5,Seminyak,Transfer,TRA_52107,
Bali,Tropical Love Escape,5,Ubud,Hotel,,2
Bali,Tropical Love Escape,5,Ubud,Activity,ACT_57281,
Bali,Tropical Love Escape,6,Ubud,Activity,ACT_57292,
Bali,Tropical Love Escape,7,Ubud,Transfer,TRA_51473,
Bali,Seminyak Style Escape,1,Kuta,Transfer,TRA_52029,
Bali,Seminyak Style Escape,1,Kuta,Hotel,,3
Bali,Seminyak Style Escape,1,Kuta,Activity,ACT_55324,
Bali,Seminyak Style Escape,2,Kuta,Activity,ACT_54273,
Bali,Seminyak Style Escape,3,Kuta,Activity,ACT_55543,
Bali,Seminyak Style Escape,4,Kuta,Transfer,TRA_52103,
Bali,Seminyak Style Escape,4,Seminyak,Hotel,,3
Bali,Seminyak Style Escape,4,Seminyak,Activity,ACT_54234,
Bali,Seminyak Style Escape,5,Seminyak,Activity,ACT_55389,
Bali,Seminyak Style Escape,6,Seminyak,Activity,ACT_55526,
Bali,Seminyak Style Escape,7,Seminyak,Transfer,TRA_51503,
Bali,Bali Family Spree,1,Kuta,Transfer,TRA_52029,
Bali,Bali Family Spree,1,Kuta,Hotel,,4
Bali,Bali Family Spree,1,Kuta,Activity,ACT_55324,
Bali,Bali Family Spree,2,Kuta,Activity,ACT_55543,
Bali,Bali Family Spree,3,Kuta,Activity,ACT_54273,
Bali,Bali Family Spree,4,Kuta,Activity,ACT_53221,
Bali,Bali Family Spree,5,Kuta,Transfer,TRA_52106,
Bali,Bali Family Spree,5,Ubud,Hotel,,2
Bali,Bali Family Spree,5,Ubud,Activity,ACT_57236,
Bali,Bali Family Spree,6,Ubud,Activity,ACT_57640,
Bali,Bali Family Spree,7,Ubud,Transfer,TRA_51473,
Bali,Retail Therapy in Bali,1,Ubud,Transfer,TRA_51472,
Bali,Retail Therapy in Bali,1,Ubud,Hotel,,2
Bali,Retail Therapy in Bali,1,Ubud,Activity,ACT_55324,
Bali,Retail Therapy in Bali,2,Ubud,Activity,ACT_57640,
Bali,Retail Therapy in Bali,3,Ubud,Transfer,TRA_52108,
Bali,Retail Therapy in Bali,3,Seminyak,Hotel,,3
Bali,Retail Therapy in Bali,3,Seminyak,Activity,ACT_54273,
Bali,Retail Therapy in Bali,4,Seminyak,Activity,ACT_54243,
Bali,Retail Therapy in Bali,5,Seminyak,Activity,ACT_55526,
Bali,Retail Therapy in Bali,6,Seminyak,Transfer,TRA_51503,
Bali,Bali Shopper's Dream,1,Ubud,Transfer,TRA_51472,
Bali,Bali Shopper's Dream,1,Ubud,Hotel,,7
Bali,Bali Shopper's Dream,1,Ubud,Activity,ACT_55324,
Bali,Bali Shopper's Dream,2,Ubud,Activity,ACT_57640,
Bali,Bali Shopper's Dream,3,Ubud,Activity,ACT_52380,
Bali,Bali Shopper's Dream,4,Ubud,Activity,ACT_57237,
Bali,Bali Shopper's Dream,8,Ubud,Transfer,TRA_51473,
Bali,Bliss in Bali,1,Ubud,Transfer,TRA_51472,
Bali,Bliss in Bali,1,Ubud,Hotel,,2
Bali,Bliss in Bali,1,Ubud,Activity,ACT_55324,
Bali,Bliss in Bali,2,Ubud,Activity,ACT_57292,
Bali,Bliss in Bali,3,Ubud,Transfer,TRA_52108,
Bali,Bliss in Bali,3,Seminyak,Hotel,,5
Bali,Bliss in Bali,3,Seminyak,Activity,ACT_55389,
Bali,Bliss in Bali,4,Seminyak,Activity,ACT_55327,
Bali,Bliss in Bali,5,Seminyak,Activity,ACT_55330,
Bali,Bliss in Bali,8,Seminyak,Transfer,TRA_51503,
Bali,Bali Family Unwind,1,Nusa Dua,Transfer,TRA_55471,
Bali,Bali Family Unwind,1,Nusa Dua,Hotel,,3
Bali,Bali Family Unwind,1,Nusa Dua,Activity,ACT_55324,
Bali,Bali Family Unwind,2,Nusa Dua,Activity,ACT_55415,
Bali,Bali Family Unwind,3,Nusa Dua,Activity,ACT_55407,
Bali,Bali Family Unwind,4,Nusa Dua,Transfer,TRA_55614,
Bali,Bali Family Unwind,4,Kuta,Hotel,,3
Bali,Bali Family Unwind,4,Kuta,Activity,ACT_54279,
Bali,Bali Family Unwind,5,Kuta,Activity,ACT_55426,
Bali,Bali Family Unwind,6,Kuta,Activity,ACT_55418,
Bali,Bali Family Unwind,7,Kuta,Transfer,TRA_51471,
Bali,Chill & Thrill in Bali,1,Seminyak,Transfer,TRA_51502,
Bali,Chill & Thrill in Bali,1,Seminyak,Hotel,,4
Bali,Chill & Thrill in Bali,1,Seminyak,Activity,ACT_55324,
Bali,Chill & Thrill in Bali,2,Seminyak,Activity,ACT_55415,
Bali,Chill & Thrill in Bali,3,Seminyak,Activity,ACT_55782,
Bali,Chill & Thrill in Bali,4,Seminyak,Activity,ACT_55429,
Bali,Chill & Thrill in Bali,5,Seminyak,Transfer,TRA_51503,
Bali,Bali Serenity,1,Ubud,Transfer,TRA_51472,
Bali,Bali Serenity,1,Ubud,Hotel,,7
Bali,Bali Serenity,1,Ubud,Activity,ACT_55324,
Bali,Bali Serenity,2,Ubud,Activity,ACT_57292,
Bali,Bali Serenity,3,Ubud,Activity,ACT_55814,
Bali,Bali Serenity,4,Ubud,Activity,ACT_55389,
Bali,Bali Serenity,8,Ubud,Transfer,TRA_51473,
Bali,Ancient Temples for Two,1,Ubud,Transfer,TRA_51472,
Bali,Ancient Temples for Two,1,Ubud,Hotel,,3
Bali,Ancient Temples for Two,1,Ubud,Activity,ACT_55324,
Bali,Ancient Temples for Two,2,Ubud,Activity,ACT_57235,
Bali,Ancient Temples for Two,3,Ubud,Activity,ACT_57240,
Bali,Ancient Temples for Two,4,Ubud,Transfer,TRA_52105,
Bali,Ancient Temples for Two,4,Kuta,Hotel,,5
Bali,Ancient Temples for Two,4,Kuta,Activity,ACT_55416,
Bali,Ancient Temples for Two,5,Kuta,Activity,ACT_53181,
Bali,Ancient Temples for Two,6,Kuta,Activity,ACT_53221,
Bali,Ancient Temples for Two,9,Kuta,Transfer,TRA_51471,
Bali,Balinese Heritage Journey,1,Seminyak,Transfer,TRA_51502,
Bali,Balinese Heritage Journey,1,Seminyak,Hotel,,5
Bali,Balinese Heritage Journey,1,Seminyak,Activity,ACT_55324,
Bali,Balinese Heritage Journey,2,Seminyak,Activity,ACT_53181,
Bali,Balinese Heritage Journey,3,Seminyak,Activity,ACT_53221,
Bali,Balinese Heritage Journey,4,Seminyak,Activity,ACT_55731,
Bali,Balinese Heritage Journey,6,Seminyak,Transfer,TRA_52107,
Bali,Balinese Heritage Journey,6,Ubud,Hotel,,3
Bali,Balinese Heritage Journey,6,Ubud,Activity,ACT_55416,
Bali,Balinese Heritage Journey,9,Ubud,Transfer,TRA_51473,
Bali,Explorers of Ancient Bali,1,Kuta,Transfer,TRA_52029,
Bali,Explorers of Ancient Bali,1,Kuta,Hotel,,3
Bali,Explorers of Ancient Bali,1,Kuta,Activity,ACT_55324,
Bali,Explorers of Ancient Bali,2,Kuta,Activity,ACT_55416,
Bali,Explorers of Ancient Bali,3,Kuta,Activity,ACT_53221,
Bali,Explorers of Ancient Bali,4,Kuta,Transfer,TRA_52106,
Bali,Explorers of Ancient Bali,4,Ubud,Hotel,,3
Bali,Explorers of Ancient Bali,4,Ubud,Activity,ACT_57240,
Bali,Explorers of Ancient Bali,5,Ubud,Activity,ACT_57235,
Bali,Explorers of Ancient Bali,6,Ubud,Activity,ACT_52380,
Bali,Explorers of Ancient Bali,7,Ubud,Transfer,TRA_51473,
Bali,Bali Heritage Discovery,1,Ubud,Transfer,TRA_51472,
Bali,Bali Heritage Discovery,1,Ubud,Hotel,,2
Bali,Bali Heritage Discovery,1,Ubud,Activity,ACT_55324,
Bali,Bali Heritage Discovery,2,Ubud,Activity,ACT_55814,
Bali,Bali Heritage Discovery,3,Ubud,Transfer,TRA_52105,
Bali,Bali Heritage Discovery,3,Kuta,Hotel,,3
Bali,Bali Heritage Discovery,3,Kuta,Activity,ACT_55416,
Bali,Bali Heritage Discovery,4,Kuta,Activity,ACT_53181,
Bali,Bali Heritage Discovery,5,Kuta,Activity,ACT_55731,
Bali,Bali Heritage Discovery,6,Kuta,Transfer,TRA_51471,
Bali,Flavours of Bali,1,Ubud,Transfer,TRA_51472,
Bali,Flavours of Bali,1,Ubud,Hotel,,2
Bali,Flavours of Bali,1,Ubud,Activity,ACT_55324,
Bali,Flavours of Bali,2,Ubud,Activity,ACT_57641,
Bali,Flavours of Bali,3,Ubud,Transfer,TRA_52108,
Bali,Flavours of Bali,3,Seminyak,Hotel,,5
Bali,Flavours of Bali,3,Seminyak,Activity,ACT_54987,
Bali,Flavours of Bali,4,Seminyak,Activity,ACT_55327,
Bali,Flavours of Bali,5,Seminyak,Activity,ACT_55330,
Bali,Flavours of Bali,8,Seminyak,Transfer,TRA_51503,
Bali,Bali Culinary Family Adventure,1,Kuta,Transfer,TRA_52029,
Bali,Bali Culinary Family Adventure,1,Kuta,Hotel,,4
Bali,Bali Culinary Family Adventure,1,Kuta,Activity,ACT_55324,
Bali,Bali Culinary Family Adventure,2,Kuta,Activity,ACT_52380,
Bali,Bali Culinary Family Adventure,5,Kuta,Transfer,TRA_52106,
Bali,Bali Culinary Family Adventure,5,Ubud,Hotel,,2
Bali,Bali Culinary Family Adventure,5,Ubud,Activity,ACT_57641,
Bali,Bali Culinary Family Adventure,6,Ubud,Activity,ACT_54989,
Bali,Bali Culinary Family Adventure,6,Ubud,Activity,ACT_57240,
Bali,Bali Culinary Family Adventure,7,Ubud,Transfer,TRA_51473,
Bali,Foodie Tribe,1,Seminyak,Transfer,TRA_51502,
Bali,Foodie Tribe,1,Seminyak,Hotel,,4
Bali,Foodie Tribe,1,Seminyak,Activity,ACT_55324,
Bali,Foodie Tribe,2,Seminyak,Activity,ACT_54987,
Bali,Foodie Tribe,3,Seminyak,Activity,ACT_57296,
Bali,Foodie Tribe,4,Seminyak,Activity,ACT_54243,
Bali,Foodie Tribe,5,Seminyak,Transfer,TRA_52104,
Bali,Foodie Tribe,5,Kuta,Hotel,,2
Bali,Foodie Tribe,5,Kuta,Activity,ACT_55429,
Bali,Foodie Tribe,6,Kuta,Activity,ACT_52380,
Bali,Foodie Tribe,7,Kuta,Transfer,TRA_51471,
Bali,Bali Culinary Journey,1,Ubud,Transfer,TRA_51472,
Bali,Bali Culinary Journey,1,Ubud,Hotel,,2
Bali,Bali Culinary Journey,1,Ubud,Activity,ACT_55324,
Bali,Bali Culinary Journey,2,Ubud,Activity,ACT_57641,
Bali,Bali Culinary Journey,3,Ubud,Transfer,TRA_52105,
Bali,Bali Culinary Journey,3,Kuta,Hotel,,3
Bali,Bali Culinary Journey,3,Kuta,Activity,ACT_52380,
Bali,Bali Culinary Journey,4,Kuta,Activity,ACT_53221,
Bali,Bali Culinary Journey,5,Kuta,Activity,ACT_54987,
Bali,Bali Culinary Journey,6,Kuta,Transfer,TRA_51471,
Bali,Tropical Nature Escape,1,Ubud,Transfer,TRA_51472,
Bali,Tropical Nature Escape,1,Ubud,Hotel,,3
Bali,Tropical Nature Escape,1,Ubud,Activity,ACT_55324,
Bali,Tropical Nature Escape,2,Ubud,Activity,ACT_57286,
Bali,Tropical Nature Escape,3,Ubud,Activity,ACT_57292,
Bali,Tropical Nature Escape,4,Ubud,Transfer,TRA_52108,
Bali,Tropical Nature Escape,4,Seminyak,Hotel,,5
Bali,Tropical Nature Escape,4,Seminyak,Activity,ACT_55330,
Bali,Tropical Nature Escape,5,Seminyak,Activity,ACT_55327,
Bali,Tropical Nature Escape,6,Seminyak,Activity,ACT_55426,
Bali,Tropical Nature Escape,9,Seminyak,Transfer,TRA_51503,
Bali,Bali Nature Quest,1,Ubud,Transfer,TRA_51472,
Bali,Bali Nature Quest,1,Ubud,Hotel,,3
Bali,Bali Nature Quest,1,Ubud,Activity,ACT_55324,
Bali,Bali Nature Quest,2,Ubud,Activity,ACT_55405,
Bali,Bali Nature Quest,3,Ubud,Activity,ACT_57193,
Bali,Bali Nature Quest,4,Ubud,Transfer,TRA_52105,
Bali,Bali Nature Quest,4,Kuta,Hotel,,3
Bali,Bali Nature Quest,4,Kuta,Activity,ACT_53955,
Bali,Bali Nature Quest,5,Kuta,Activity,ACT_55422,
Bali,Bali Nature Quest,6,Kuta,Activity,ACT_54239,
Bali,Bali Nature Quest,7,Kuta,Transfer,TRA_51471,
Bali,Into the Wild with the Crew,1,Ubud,Transfer,TRA_51472,
Bali,Into the Wild with the Crew,1,Ubud,Hotel,,2
Bali,Into the Wild with the Crew,1,Ubud,Activity,ACT_55324,
Bali,Into the Wild with the Crew,2,Ubud,Activity,ACT_57286,
Bali,Into the Wild with the Crew,3,Ubud,Transfer,TRA_52105,
Bali,Into the Wild with the Crew,3,Kuta,Hotel,,3
Bali,Into the Wild with the Crew,3,Kuta,Activity,ACT_55350,
Bali,Into the Wild with the Crew,4,Kuta,Activity,ACT_53955,
Bali,Into the Wild with the Crew,5,Kuta,Activity,ACT_54804,
Bali,Into the Wild with the Crew,6,Kuta,Transfer,TRA_51471,
Bali,Into the Wild,1,Ubud,Transfer,TRA_51472,
Bali,Into the Wild,1,Ubud,Hotel,,2
Bali,Into the Wild,1,Ubud,Activity,ACT_55324,
Bali,Into the Wild,2,Ubud,Activity,ACT_57292,
Bali,Into the Wild,3,Ubud,Transfer,TRA_52108,
Bali,Into the Wild,3,Seminyak,Hotel,,3
Bali,Into the Wild,3,Seminyak,Activity,ACT_55526,
Bali,Into the Wild,4,Seminyak,Activity,ACT_55731,
Bali,Into the Wild,5,Seminyak,Activity,ACT_55450,
Bali,Into the Wild,6,Seminyak,Transfer,TRA_51503,
Bali,Wildlife Wonders of Bali,1,Ubud,Transfer,TRA_51472,
Bali,Wildlife Wonders of Bali,1,Ubud,Hotel,,2
Bali,Wildlife Wonders of Bali,1,Ubud,Activity,ACT_55324,
Bali,Wildlife Wonders of Bali,2,Ubud,Activity,ACT_57282,
Bali,Wildlife Wonders of Bali,3,Ubud,Transfer,TRA_52108,
Bali,Wildlife Wonders of Bali,3,Seminyak,Hotel,,5
Bali,Wildlife Wonders of Bali,3,Seminyak,Activity,ACT_55405,
Bali,Wildlife Wonders of Bali,4,Seminyak,Activity,ACT_55422,
Bali,Wildlife Wonders of Bali,5,Seminyak,Activity,ACT_55450,
Bali,Wildlife Wonders of Bali,8,Seminyak,Transfer,TRA_51503,
Bali,Bali Wild Kingdom,1,Kuta,Transfer,TRA_52029,
Bali,Bali Wild Kingdom,1,Kuta,Hotel,,3
Bali,Bali Wild Kingdom,1,Kuta,Activity,ACT_55324,
Bali,Bali Wild Kingdom,2,Kuta,Activity,ACT_57340,
Bali,Bali Wild Kingdom,3,Kuta,Activity,ACT_55410,
Bali,Bali Wild Kingdom,4,Kuta,Transfer,TRA_52106,
Bali,Bali Wild Kingdom,4,Ubud,Hotel,,3
Bali,Bali Wild Kingdom,4,Ubud,Activity,ACT_57282,
Bali,Bali Wild Kingdom,5,Ubud,Activity,ACT_57193,
Bali,Bali Wild Kingdom,6,Ubud,Activity,ACT_55405,
Bali,Bali Wild Kingdom,7,Ubud,Transfer,TRA_51473,
Bali,Tribe Safari,1,Ubud,Transfer,TRA_51472,
Bali,Tribe Safari,1,Ubud,Hotel,,2
Bali,Tribe Safari,1,Ubud,Activity,ACT_55324,
Bali,Tribe Safari,2,Ubud,Activity,ACT_57282,
Bali,Tribe Safari,3,Ubud,Transfer,TRA_52105,
Bali,Tribe Safari,3,Kuta,Hotel,,3
Bali,Tribe Safari,3,Kuta,Activity,ACT_57340,
Bali,Tribe Safari,4,Kuta,Activity,ACT_55411,
Bali,Tribe Safari,5,Kuta,Activity,ACT_55405,
Bali,Tribe Safari,6,Kuta,Transfer,TRA_51471,
Bali,Bali Wildlife Explorer,1,Kuta,Transfer,TRA_52029,
Bali,Bali Wildlife Explorer,1,Kuta,Hotel,,7
Bali,Bali Wildlife Explorer,1,Kuta,Activity,ACT_55324,
Bali,Bali Wildlife Explorer,2,Kuta,Activity,ACT_57340,
Bali,Bali Wildlife Explorer,3,Kuta,Activity,ACT_55411,
Bali,Bali Wildlife Explorer,4,Kuta,Activity,ACT_55405,
Bali,Bali Wildlife Explorer,8,Kuta,Transfer,TRA_51471,
Bali,Sacred Bali,1,Ubud,Transfer,TRA_51472,
Bali,Sacred Bali,1,Ubud,Hotel,,3
Bali,Sacred Bali,1,Ubud,Activity,ACT_55324,
Bali,Sacred Bali,2,Ubud,Activity,ACT_55814,
Bali,Sacred Bali,3,Ubud,Activity,ACT_57237,
Bali,Sacred Bali,4,Ubud,Transfer,TRA_52108,
Bali,Sacred Bali,4,Seminyak,Hotel,,5
Bali,Sacred Bali,4,Seminyak,Activity,ACT_53181,
Bali,Sacred Bali,5,Seminyak,Activity,ACT_53221,
Bali,Sacred Bali,6,Seminyak,Activity,ACT_55731,
Bali,Sacred Bali,9,Seminyak,Transfer,TRA_51503,
Bali,Temples of Bali,1,Seminyak,Transfer,TRA_51502,
Bali,Temples of Bali,1,Seminyak,Hotel,,4
Bali,Temples of Bali,1,Seminyak,Activity,ACT_55324,
Bali,Temples of Bali,2,Seminyak,Activity,ACT_53181,
Bali,Temples of Bali,3,Seminyak,Activity,ACT_55430,
Bali,Temples of Bali,5,Seminyak,Transfer,TRA_52107,
Bali,Temples of Bali,5,Ubud,Hotel,,3
Bali,Temples of Bali,5,Ubud,Activity,ACT_55416,
Bali,Temples of Bali,6,Ubud,Activity,ACT_55814,
Bali,Temples of Bali,8,Ubud,Transfer,TRA_51473,
Bali,Spiritual Seekers,1,Kuta,Transfer,TRA_52029,
Bali,Spiritual Seekers,1,Kuta,Hotel,,4
Bali,Spiritual Seekers,1,Kuta,Activity,ACT_55324,
Bali,Spiritual Seekers,2,Kuta,Activity,ACT_53221,
Bali,Spiritual Seekers,3,Kuta,Activity,ACT_53181,
Bali,Spiritual Seekers,4,Kuta,Activity,ACT_55416,
Bali,Spiritual Seekers,5,Kuta,Transfer,TRA_52106,
Bali,Spiritual Seekers,5,Ubud,Hotel,,2
Bali,Spiritual Seekers,5,Ubud,Activity,ACT_55814,
Bali,Spiritual Seekers,6,Ubud,Activity,ACT_57240,
Bali,Spiritual Seekers,7,Ubud,Transfer,TRA_51473,
Bali,Inner Peace in Bali,1,Ubud,Transfer,TRA_51472,
Bali,Inner Peace in Bali,1,Ubud,Hotel,,3
Bali,Inner Peace in Bali,1,Ubud,Activity,ACT_55324,
Bali,Inner Peace in Bali,2,Ubud,Activity,ACT_55814,
Bali,Inner Peace in Bali,3,Ubud,Activity,ACT_57292,
Bali,Inner Peace in Bali,4,Ubud,Transfer,TRA_52108,
Bali,Inner Peace in Bali,4,Seminyak,Hotel,,3
Bali,Inner Peace in Bali,4,Seminyak,Activity,ACT_55389,
Bali,Inner Peace in Bali,5,Seminyak,Activity,ACT_55526,
Bali,Inner Peace in Bali,6,Seminyak,Activity,ACT_55731,
Bali,Inner Peace in Bali,7,Seminyak,Transfer,TRA_51503,
Bali,Cool Highlands of Bali,1,Ubud,Transfer,TRA_51472,
Bali,Cool Highlands of Bali,1,Ubud,Hotel,,2
Bali,Cool Highlands of Bali,1,Ubud,Activity,ACT_55324,
Bali,Cool Highlands of Bali,2,Ubud,Activity,ACT_57284,
Bali,Cool Highlands of Bali,3,Ubud,Transfer,TRA_52108,
Bali,Cool Highlands of Bali,3,Seminyak,Hotel,,5
Bali,Cool Highlands of Bali,3,Seminyak,Activity,ACT_55422,
Bali,Cool Highlands of Bali,4,Seminyak,Activity,ACT_55574,
Bali,Cool Highlands of Bali,5,Seminyak,Activity,ACT_53181,
Bali,Cool Highlands of Bali,8,Seminyak,Transfer,TRA_51503,
Bali,Bali Highland Discovery,1,Kuta,Transfer,TRA_52029,
Bali,Bali Highland Discovery,1,Kuta,Hotel,,4
Bali,Bali Highland Discovery,1,Kuta,Activity,ACT_55324,
Bali,Bali Highland Discovery,2,Kuta,Activity,ACT_55433,
Bali,Bali Highland Discovery,3,Kuta,Activity,ACT_55421,
Bali,Bali Highland Discovery,4,Kuta,Activity,ACT_53277,
Bali,Bali Highland Discovery,5,Kuta,Transfer,TRA_52106,
Bali,Bali Highland Discovery,5,Ubud,Hotel,,2
Bali,Bali Highland Discovery,5,Ubud,Activity,ACT_57284,
Bali,Bali Highland Discovery,6,Ubud,Activity,ACT_57286,
Bali,Bali Highland Discovery,7,Ubud,Transfer,TRA_51473,
Bali,Highland Trek with the Crew,1,Ubud,Transfer,TRA_51472,
Bali,Highland Trek with the Crew,1,Ubud,Hotel,,2
Bali,Highland Trek with the Crew,1,Ubud,Activity,ACT_55324,
Bali,Highland Trek with the Crew,2,Ubud,Activity,ACT_55528,
Bali,Highland Trek with the Crew,3,Ubud,Transfer,TRA_52105,
Bali,Highland Trek with the Crew,3,Kuta,Hotel,,3
Bali,Highland Trek with the Crew,3,Kuta,Activity,ACT_55350,
Bali,Highland Trek with the Crew,4,Kuta,Activity,ACT_55574,
Bali,Highland Trek with the Crew,5,Kuta,Activity,ACT_55422,
Bali,Highland Trek with the Crew,6,Kuta,Transfer,TRA_51471,
Bali,Bali Highland Escape,1,Kuta,Transfer,TRA_52029,
Bali,Bali Highland Escape,1,Kuta,Hotel,,4
Bali,Bali Highland Escape,1,Kuta,Activity,ACT_55324,
Bali,Bali Highland Escape,2,Kuta,Activity,ACT_55543,
Bali,Bali Highland Escape,3,Kuta,Activity,ACT_54986,
Bali,Bali Highland Escape,4,Kuta,Activity,ACT_55267,
Bali,Bali Highland Escape,5,Kuta,Transfer,TRA_51471,
Bali,Bali Drive & Romance,1,Seminyak,Transfer,TRA_51502,
Bali,Bali Drive & Romance,1,Seminyak,Hotel,,3
Bali,Bali Drive & Romance,1,Seminyak,Activity,ACT_55324,
Bali,Bali Drive & Romance,2,Seminyak,Activity,ACT_54234,
Bali,Bali Drive & Romance,3,Seminyak,Activity,ACT_55526,
Bali,Bali Drive & Romance,4,Seminyak,Transfer,TRA_52107,
Bali,Bali Drive & Romance,4,Ubud,Hotel,,3
Bali,Bali Drive & Romance,4,Ubud,Activity,ACT_57292,
Bali,Bali Drive & Romance,5,Ubud,Activity,ACT_57286,
Bali,Bali Drive & Romance,6,Ubud,Activity,ACT_52380,
Bali,Bali Drive & Romance,7,Ubud,Transfer,TRA_51473,
Bali,Bali Self-Drive Family Explorer,1,Kuta,Transfer,TRA_52029,
Bali,Bali Self-Drive Family Explorer,1,Kuta,Hotel,,4
Bali,Bali Self-Drive Family Explorer,1,Kuta,Activity,ACT_55324,
Bali,Bali Self-Drive Family Explorer,2,Kuta,Activity,ACT_54273,
Bali,Bali Self-Drive Family Explorer,3,Kuta,Activity,ACT_52380,
Bali,Bali Self-Drive Family Explorer,4,Kuta,Activity,ACT_53221,
Bali,Bali Self-Drive Family Explorer,5,Kuta,Transfer,TRA_52106,
Bali,Bali Self-Drive Family Explorer,5,Ubud,Hotel,,2
Bali,Bali Self-Drive Family Explorer,5,Ubud,Activity,ACT_57236,
Bali,Bali Self-Drive Family Explorer,6,Ubud,Activity,ACT_55416,
Bali,Bali Self-Drive Family Explorer,7,Ubud,Transfer,TRA_51473,
Bali,Road Cruise with the Crew,1,Seminyak,Transfer,TRA_51502,
Bali,Road Cruise with the Crew,1,Seminyak,Hotel,,2
Bali,Road Cruise with the Crew,1,Seminyak,Activity,ACT_55324,
Bali,Road Cruise with the Crew,2,Seminyak,Activity,ACT_54273,
Bali,Road Cruise with the Crew,3,Seminyak,Transfer,TRA_52107,
Bali,Road Cruise with the Crew,3,Ubud,Hotel,,3
Bali,Road Cruise with the Crew,3,Ubud,Activity,ACT_55350,
Bali,Road Cruise with the Crew,4,Ubud,Activity,ACT_55528,
Bali,Road Cruise with the Crew,5,Ubud,Activity,ACT_57286,
Bali,Road Cruise with the Crew,6,Ubud,Transfer,TRA_51473,
Bali,Bali Wanderer,1,Kuta,Transfer,TRA_52029,
Bali,Bali Wanderer,1,Kuta,Hotel,,4
Bali,Bali Wanderer,1,Kuta,Activity,ACT_55324,
Bali,Bali Wanderer,2,Kuta,Activity,ACT_54273,
Bali,Bali Wanderer,3,Kuta,Activity,ACT_55267,
Bali,Bali Wanderer,4,Kuta,Activity,ACT_55350,
Bali,Bali Wanderer,5,Kuta,Transfer,TRA_51471,
Bali,Volcanic Escape for Two,1,Ubud,Transfer,TRA_51472,
Bali,Volcanic Escape for Two,1,Ubud,Hotel,,2
Bali,Volcanic Escape for Two,1,Ubud,Activity,ACT_55324,
Bali,Volcanic Escape for Two,2,Ubud,Activity,ACT_55528,
Bali,Volcanic Escape for Two,3,Ubud,Transfer,TRA_52108,
Bali,Volcanic Escape for Two,3,Seminyak,Hotel,,5
Bali,Volcanic Escape for Two,3,Seminyak,Activity,ACT_55416,
Bali,Volcanic Escape for Two,4,Seminyak,Activity,ACT_55526,
Bali,Volcanic Escape for Two,8,Seminyak,Transfer,TRA_51503,
Bali,Volcanic Bali Family Discovery,1,Ubud,Transfer,TRA_51472,
Bali,Volcanic Bali Family Discovery,1,Ubud,Hotel,,3
Bali,Volcanic Bali Family Discovery,1,Ubud,Activity,ACT_55324,
Bali,Volcanic Bali Family Discovery,2,Ubud,Activity,ACT_52380,
Bali,Volcanic Bali Family Discovery,3,Ubud,Activity,ACT_55416,
Bali,Volcanic Bali Family Discovery,4,Ubud,Transfer,TRA_52105,
Bali,Volcanic Bali Family Discovery,4,Kuta,Hotel,,3
Bali,Volcanic Bali Family Discovery,4,Kuta,Activity,ACT_55433,
Bali,Volcanic Bali Family Discovery,5,Kuta,Activity,ACT_53277,
Bali,Volcanic Bali Family Discovery,6,Kuta,Activity,ACT_53221,
Bali,Volcanic Bali Family Discovery,7,Kuta,Transfer,TRA_51471,
Bali,Rugged Bali with the Crew,1,Ubud,Transfer,TRA_51472,
Bali,Rugged Bali with the Crew,1,Ubud,Hotel,,2
Bali,Rugged Bali with the Crew,1,Ubud,Activity,ACT_55324,
Bali,Rugged Bali with the Crew,2,Ubud,Activity,ACT_55528,
Bali,Rugged Bali with the Crew,3,Ubud,Transfer,TRA_52105,
Bali,Rugged Bali with the Crew,3,Kuta,Hotel,,3
Bali,Rugged Bali with the Crew,3,Kuta,Activity,ACT_55350,
Bali,Rugged Bali with the Crew,4,Kuta,Activity,ACT_55325,
Bali,Rugged Bali with the Crew,5,Kuta,Activity,ACT_52380,
Bali,Rugged Bali with the Crew,6,Kuta,Transfer,TRA_51471,
Bali,Volcanic Bali Explorer,1,Kuta,Transfer,TRA_52029,
Bali,Volcanic Bali Explorer,1,Kuta,Hotel,,4
Bali,Volcanic Bali Explorer,1,Kuta,Activity,ACT_55324,
Bali,Volcanic Bali Explorer,2,Kuta,Activity,ACT_54986,
Bali,Volcanic Bali Explorer,3,Kuta,Activity,ACT_57340,
Bali,Volcanic Bali Explorer,4,Kuta,Activity,ACT_52380,
Bali,Volcanic Bali Explorer,5,Kuta,Transfer,TRA_51471,
Bali,Bali Road Romance,1,Seminyak,Transfer,TRA_51502,
Bali,Bali Road Romance,1,Seminyak,Hotel,,2
Bali,Bali Road Romance,1,Seminyak,Activity,ACT_55324,
Bali,Bali Road Romance,2,Seminyak,Activity,ACT_57296,
Bali,Bali Road Romance,3,Seminyak,Transfer,TRA_52107,
Bali,Bali Road Romance,3,Ubud,Hotel,,2
Bali,Bali Road Romance,3,Ubud,Activity,ACT_53955,
Bali,Bali Road Romance,4,Ubud,Activity,ACT_57286,
Bali,Bali Road Romance,5,Ubud,Transfer,TRA_51473,
Bali,Epic Bali Family Road Trip,1,Kuta,Transfer,TRA_52029,
Bali,Epic Bali Family Road Trip,1,Kuta,Hotel,,3
Bali,Epic Bali Family Road Trip,1,Kuta,Activity,ACT_55324,
Bali,Epic Bali Family Road Trip,2,Kuta,Activity,ACT_53221,
Bali,Epic Bali Family Road Trip,4,Kuta,Transfer,TRA_52106,
Bali,Epic Bali Family Road Trip,4,Ubud,Hotel,,3
Bali,Epic Bali Family Road Trip,4,Ubud,Activity,ACT_52380,
Bali,Epic Bali Family Road Trip,5,Ubud,Activity,ACT_57193,
Bali,Epic Bali Family Road Trip,6,Ubud,Activity,ACT_57286,
Bali,Epic Bali Family Road Trip,7,Ubud,Transfer,TRA_51473,
Bali,Cross-Island Adventure,1,Seminyak,Transfer,TRA_51502,
Bali,Cross-Island Adventure,1,Seminyak,Hotel,,2
Bali,Cross-Island Adventure,1,Seminyak,Activity,ACT_55324,
Bali,Cross-Island Adventure,2,Seminyak,Activity,ACT_55754,
Bali,Cross-Island Adventure,3,Seminyak,Transfer,TRA_52107,
Bali,Cross-Island Adventure,3,Ubud,Hotel,,5
Bali,Cross-Island Adventure,3,Ubud,Activity,ACT_55350,
Bali,Cross-Island Adventure,4,Ubud,Activity,ACT_55528,
Bali,Cross-Island Adventure,8,Ubud,Transfer,TRA_51473,
Bali,Bali Road Diaries,1,Kuta,Transfer,TRA_52029,
Bali,Bali Road Diaries,1,Kuta,Hotel,,4
Bali,Bali Road Diaries,1,Kuta,Activity,ACT_55324,
Bali,Bali Road Diaries,2,Kuta,Activity,ACT_53221,
Bali,Bali Road Diaries,3,Kuta,Activity,ACT_52380,
Bali,Bali Road Diaries,4,Kuta,Activity,ACT_54273,
Bali,Bali Road Diaries,5,Kuta,Transfer,TRA_51471,
Bali,Best of Bali for Two,1,Seminyak,Transfer,TRA_51502,
Bali,Best of Bali for Two,1,Seminyak,Hotel,,3
Bali,Best of Bali for Two,1,Seminyak,Activity,ACT_55324,
Bali,Best of Bali for Two,2,Seminyak,Activity,ACT_55415,
Bali,Best of Bali for Two,4,Seminyak,Transfer,TRA_52107,
Bali,Best of Bali for Two,4,Ubud,Hotel,,2
Bali,Best of Bali for Two,4,Ubud,Activity,ACT_52380,
Bali,Best of Bali for Two,5,Ubud,Activity,ACT_57240,
Bali,Best of Bali for Two,6,Ubud,Transfer,TRA_51473,
Bali,Best of Bali with Family,1,Nusa Dua,Transfer,TRA_55471,
Bali,Best of Bali with Family,1,Nusa Dua,Hotel,,3
Bali,Best of Bali with Family,1,Nusa Dua,Activity,ACT_55324,
Bali,Best of Bali with Family,2,Nusa Dua,Activity,ACT_55415,
Bali,Best of Bali with Family,3,Nusa Dua,Activity,ACT_55407,
Bali,Best of Bali with Family,4,Nusa Dua,Transfer,TRA_54225,
Bali,Best of Bali with Family,4,Ubud,Hotel,,3
Bali,Best of Bali with Family,4,Ubud,Activity,ACT_57641,
Bali,Best of Bali with Family,5,Ubud,Activity,ACT_57240,
Bali,Best of Bali with Family,6,Ubud,Activity,ACT_53955,
Bali,Best of Bali with Family,7,Ubud,Transfer,TRA_51473,
Bali,Best of Bali with the Crew,1,Kuta,Transfer,TRA_52029,
Bali,Best of Bali with the Crew,1,Kuta,Hotel,,2
Bali,Best of Bali with the Crew,1,Kuta,Activity,ACT_55324,
Bali,Best of Bali with the Crew,2,Kuta,Activity,ACT_55413,
Bali,Best of Bali with the Crew,3,Kuta,Transfer,TRA_52103,
Bali,Best of Bali with the Crew,3,Seminyak,Hotel,,3
Bali,Best of Bali with the Crew,3,Seminyak,Activity,ACT_57296,
Bali,Best of Bali with the Crew,4,Seminyak,Activity,ACT_55350,
Bali,Best of Bali with the Crew,5,Seminyak,Activity,ACT_55429,
Bali,Best of Bali with the Crew,6,Seminyak,Transfer,TRA_51503,
Bali,Best of Bali,1,Kuta,Transfer,TRA_52029,
Bali,Best of Bali,1,Kuta,Hotel,,3
Bali,Best of Bali,1,Kuta,Activity,ACT_55324,
Bali,Best of Bali,2,Kuta,Activity,ACT_53221,
Bali,Best of Bali,3,Kuta,Activity,ACT_55415,
Bali,Best of Bali,4,Kuta,Transfer,TRA_52106,
Bali,Best of Bali,4,Ubud,Hotel,,2
Bali,Best of Bali,4,Ubud,Activity,ACT_57240,
Bali,Best of Bali,5,Ubud,Activity,ACT_52380,
Bali,Best of Bali,6,Ubud,Transfer,TRA_51473,
Bali,Essence of Bali,1,Ubud,Transfer,TRA_51472,
Bali,Essence of Bali,1,Ubud,Hotel,,4
Bali,Essence of Bali,1,Ubud,Activity,ACT_55324,
Bali,Essence of Bali,2,Ubud,Activity,ACT_52380,
Bali,Essence of Bali,3,Ubud,Activity,ACT_57240,
Bali,Essence of Bali,4,Ubud,Activity,ACT_55416,
Bali,Essence of Bali,5,Ubud,Transfer,TRA_52108,
Bali,Essence of Bali,5,Seminyak,Hotel,,4
Bali,Essence of Bali,5,Seminyak,Activity,ACT_53221,
Bali,Essence of Bali,9,Seminyak,Transfer,TRA_51503,