activity_code,title,status,reason,activity_id,city_csv,city_resolved,country_csv,country_resolved,price_rows,cache_price,cache_price_markup,mode
TRA_57764,Tokyo Disneyland 1-Day Ticket,updated,,6a070ac50514b9b2e2559515,Tokyo,Tokyo,Japan,Japan,4,6632.09,994.81,live
TRA_57765,Tokyo DisneySea 1-Day Ticket,updated,,6a070ac60514b9b2e255951b,Tokyo,Tokyo,Japan,Japan,4,6632.09,994.81,live
TRA_57766,Universal Studios Japan 1-day Studio Pass,updated,,6a070ac60514b9b2e2559521,Osaka,Osaka,Japan,Japan,4,5656.78,848.52,live
TRA_57767,Osaka Castle Museum Ticket,updated,,6a070ac70514b9b2e2559527,Osaka,Osaka,Japan,Japan,4,682.71,102.41,live
TRA_57768,26-hour Osaka Metro Pass,updated,,6a070ac70514b9b2e255952d,Osaka,Osaka,Japan,Japan,3,585.18,87.78,live
TRA_57769,Osaka Metro & Osaka City Bus Pass · 2-day · E-ticket,updated,,6a070ac70514b9b2e2559532,Osaka,Osaka,Japan,Japan,2,975.31,146.3,live
TRA_57770,48-hour Osaka Metro Pass,updated,,6a070ac80514b9b2e2559536,Osaka,Osaka,Japan,Japan,3,975.31,146.3,live
TRA_57771,Osaka Wonder Cruise(Dotonbori Route),updated,,6a070ac80514b9b2e255953b,Osaka,Osaka,Japan,Japan,3,1072.84,160.93,live
TRA_57772,Hiroshima & Miyajima 1 Day Bus Tour With lunch With Roundtrip by Shinkasen from Osaka,updated,,6a070ac80514b9b2e2559540,Osaka,Osaka,Japan,Japan,3,22432.06,3364.81,live
TRA_57773,Tokyo Skytree Ticket(Tembo Deck & Galleria),updated,,6a070ac80514b9b2e2559545,Tokyo,Tokyo,Japan,Japan,3,2145.68,321.85,live
TRA_57774,Hakone Sightseeing Cruise(Hakonemachi to Togendai),updated,,6a070ac80514b9b2e255954a,Hakone,Hakone,Japan,Japan,3,975.31,146.3,live
TRA_57775,Hakone Komagatake Ropeway Round-Trip Ticket,updated,,6a070ac90514b9b2e255954f,Hakone,Hakone,Japan,Japan,3,1170.37,175.56,live
TRA_57776,Umeda Sky Building & Kuchu Teien Observatory Ticket in Osaka,updated,,6a070aca0514b9b2e2559554,Osaka,Osaka,Japan,Japan,3,1170.37,175.56,live
TRA_57777,Tokyo Skytree 1 Day Tour from Nishi Shinjuku LOVE statue (With Lunch),updated,,6a070acc0514b9b2e2559559,Tokyo,Tokyo,Japan,Japan,3,10435.78,1565.37,live
TRA_57778,Kyoto and Nara Day Tour(Optional upgrade to Wagyu “Kobe Beef” lunch),updated,,6a070acd0514b9b2e255955e,Osaka,Osaka,Japan,Japan,3,5266.66,790.0,live
TRA_57779,Tokyo Mt. Fuji & Hakone Full-Day Guided Tour(Return by Motorcoach),updated,,6a070acd0514b9b2e2559563,Tokyo,Tokyo,Japan,Japan,3,9850.6,1477.59,live
TRA_57780,Universal Studios Japan Express Pass,updated,,6a070acd0514b9b2e2559568,Osaka,Osaka,Japan,Japan,2,9460.48,1419.07,live
TRA_57781,Tokyo Tower Ticket,updated,,6a070ace0514b9b2e255956c,Tokyo,Tokyo,Japan,Japan,5,1853.08,277.96,live
TRA_57782,Hiroshima & Miyajima 1 Day Bus Tour(Round-Trip by Shinkansen from Osaka),updated,,6a070ace0514b9b2e2559573,Osaka,Osaka,Japan,Japan,3,22432.06,3364.81,live
TRA_57783,Kyoto Amanohashidate & Miyama Village: Includes boat cruise + cable car + crab lunch (pickup/drop-off in Osaka or Kyoto),updated,,6a070ace0514b9b2e2559578,"Osaka, Kyoto","Osaka, Kyoto",Japan,Japan,3,6729.62,1009.44,live
TRA_57784,Tokyo Subway Ticket(24 hours · None · E-ticket ),updated,,6a070ace0514b9b2e255957d,Tokyo,Tokyo,Japan,Japan,3,682.71,102.41,live
TRA_57785,Tokyo Subway Ticket(48 hours · None · E-ticket ),updated,,6a070acf0514b9b2e2559582,Tokyo,Tokyo,Japan,Japan,3,975.31,146.3,live
TRA_57786,"Tokyo City, Private Customized Day Trip with English-speaking Driver",updated,,6a070acf0514b9b2e2559587,Tokyo,Tokyo,Japan,Japan,1,13898.12,2084.72,live
TRA_57790,Mount Fuji One-Day Tour: Kawaguchiko Tenjozan Park with Ropeway & Arakurayama Sengen Park & Nichikawa Clock Shop & Lawson Convenience Store & Oishi Park (Departing from Tokyo),updated,,6a070acf0514b9b2e255958a,Tokyo,Tokyo,Japan,Japan,1,5656.78,848.52,live
TRA_57791,Hiroshima & Miyajima 1 Day Bus Tour With lunch(From Hiroshima),updated,,6a070acf0514b9b2e255958d,Hiroshima,Hiroshima,Japan,Japan,3,9265.42,1389.81,live
TRA_57792,Hiroshima & Miyajima 1 Day Bus Tour With lunch(From Fukuoka: Round-Trip by Shinkansen),updated,,6a070ad00514b9b2e2559592,Fukuoka,Fukuoka,Japan,Japan,3,21164.16,3174.62,live
TRA_57793,Hop-On Hop-Off Tokyo Bus by Skyhop Bus,updated,,6a070ad00514b9b2e2559597,Tokyo,Tokyo,Japan,Japan,2,2535.8,380.37,live
TRA_57794,Kyoto & Osaka Sightseeing Pass by Keihan Railway,updated,,6a070ad00514b9b2e255959b,"Kyoto, Osaka","Kyoto, Osaka",Japan,Japan,1,975.31,146.3,live
TRA_57795,Universal Studios Japan Express Pass(4 - Backdrop & Race),updated,,6a070ad00514b9b2e255959e,Osaka,Osaka,Japan,Japan,2,11606.15,1740.92,live
TRA_57796,Universal Studios Japan Express Pass(7 - Minecart & Selection ticket),updated,,6a070ad10514b9b2e25595a2,Osaka,Osaka,Japan,Japan,2,17165.4,2574.81,live
TRA_57797,Universal Studios Japan Express Pass( 4 - Flying Dinosaur & Jurassic Park),updated,,6a070ad10514b9b2e25595a6,Osaka,Osaka,Japan,Japan,2,8485.17,1272.78,live
TRA_57798,Tokyo round trip Nikko 10-hour car service - customizable itinerary,updated,,6a070ad10514b9b2e25595aa,Tokyo,Tokyo,Japan,Japan,1,24187.61,3628.14,live
TRA_57799,10-hour round trip car service from Tokyo to Mount Fuji - Customizable itinerary,updated,,6a070ad20514b9b2e25595ad,Tokyo,Tokyo,Japan,Japan,1,19359.84,2903.98,live
TRA_57800,10-hour car service in Tokyo,updated,,6a070ad20514b9b2e25595b0,Tokyo,Tokyo,Japan,Japan,1,17750.59,2662.59,live
TRA_57801,Tokyo Private Customizable Full-Day Tour,updated,,6a070ad20514b9b2e25595b3,Tokyo,Tokyo,Japan,Japan,1,13946.89,2092.03,live
TRA_57802,The Sumo Hall Hirakuza Osaka admission ticket (Osaka),updated,,6a070ad20514b9b2e25595b6,Osaka,Osaka,Japan,Japan,3,8290.11,1243.52,live
TRA_57805,Sagano Romantic Train Ticket(Saga to Kameoka),updated,,6a070ad20514b9b2e25595bb,Kyoto,Kyoto,Japan,Japan,3,487.65,73.15,live
TRA_57806,Sagano Romantic Train Ticket (Kameoka to Saga)),updated,,6a070ad30514b9b2e25595c0,Kyoto,Kyoto,Japan,Japan,3,487.65,73.15,live
TRA_57807,Osaka: Sumo Experience with Live Show & Audience Challenge(Ticket),updated,,6a070ad30514b9b2e25595c5,Osaka,Osaka,Japan,Japan,3,6144.43,921.66,live
TRA_57808,Osaka Dotonbori Naniwa Sightseeing Boat,updated,,6a070ad30514b9b2e25595ca,Osaka,Osaka,Japan,Japan,3,975.31,146.3,live
TRA_57809,Nikko Toshogu Shrine & Kegon Waterfall One Day Tour from Tokyo(Depart from Shinjuku),updated,,6a070ad40514b9b2e25595cf,Tokyo,Tokyo,Japan,Japan,3,5949.37,892.41,live
TRA_57810,Mt. Fuji & Hakone Private Day Tour with English-Speaking Driver,updated,,6a070ad40514b9b2e25595d4,Tokyo,Tokyo,Japan,Japan,1,25016.62,3752.49,live
TRA_57811,Kyoto Traditional Japanese Tea Ceremony Culture & Matcha Tasting Experience(Women's Kimono),updated,,6a070ad40514b9b2e25595d7,Kyoto,Kyoto,Japan,Japan,1,5461.72,819.26,live
TRA_57812,Kyoto Traditional Japanese Tea Ceremony Culture & Matcha Tasting Experience(Men's Kimono),updated,,6a070ad40514b9b2e25595da,Kyoto,Kyoto,Japan,Japan,1,6729.62,1009.44,live
TRA_57813,Kyoto and Nara Day Tour(Regular- Meals Not Included),updated,,6a070ad50514b9b2e25595dd,Osaka,Osaka,Japan,Japan,3,5169.13,775.37,live
TRA_57814,Mt.Fuji & Hakone & Gotemba premium Outlets From Tokyo,updated,,6a070ad50514b9b2e25595e2,Tokyo,Tokyo,Japan,Japan,2,5754.31,863.15,live
TRA_57815,World Heritage Shirakawa-go and Kanazawa Day Tour,updated,,6a070ad50514b9b2e25595e6,Kanazawa,Kanazawa,Japan,Japan,3,9265.42,1389.81,live
TRA_57816,Tokyo Subway Ticket(48 hours · None · Physical Ticket),updated,,6a070ad50514b9b2e25595eb,Tokyo,Tokyo,Japan,Japan,3,877.78,131.67,live
TRA_57817,Tokyo Subway Ticket(24 hours · None · Physical -ticket),updated,,6a070ad50514b9b2e25595f0,Tokyo,Tokyo,Japan,Japan,3,585.18,87.78,live
TRA_57829,Depart from Kyoto: 1-day Tour Around Kyoto City (Customizable Itinerary),updated,,6a070ad50514b9b2e25595f5,Kyoto,Kyoto,Japan,Japan,1,14434.54,2165.18,live
TRA_57830,Day Trip from Kyoto: Nara & Osaka City (Customizable Itinerary),updated,,6a070ad60514b9b2e25595f8,Kyoto,Kyoto,Japan,Japan,1,15751.21,2362.68,live
A1,TeamLab Planets TOKYO Ticket,updated,,6a16918e8e9873e297863dc1,Tokyo,Tokyo,Japan,Japan,4,2243.21,336.48,live
A2,Tokyo Mount Fuji Full-Day Private Guided Tour,updated,,6a16918f8e9873e297863dc7,Tokyo,Tokyo,Japan,Japan,2,21554.28,3233.14,live
A3,Hakone & Gotemba Premium Outlets One-Day Tour,updated,,6a16918f8e9873e297863dcb,"Tokyo, Hakone","Tokyo, Hakone",Japan,Japan,4,27211.07,4081.66,live
A4,Osaka Wonder Loop Bus Ticket,updated,,6a16918f8e9873e297863dd1,Osaka,Osaka,Japan,Japan,3,2730.86,409.63,live
A5,SHIBUYA SKY Ticket,updated,,6a16918f8e9873e297863dd6,Tokyo,Tokyo,Japan,Japan,3,1755.55,263.33,live
A6,TeamLab Biovortex Kyoto Ticket,updated,,6a16918f8e9873e297863ddb,Kyoto,Kyoto,Japan,Japan,4,2535.8,380.37,live
A7,LEGOLAND Discovery Center Tokyo Ticket,updated,,6a16918f8e9873e297863de1,Tokyo,Tokyo,Japan,Japan,3,2048.14,307.22,live
A8,TeamLab Borderless Tickets: MORI Building DIGITAL ART MUSEUM,updated,,6a16918f8e9873e297863de6,Tokyo,Tokyo,Japan,Japan,4,0.0,0.0,live
A9,Kamogawa Sea World Ticket Admission Ticket in Chiba,inserted,,6a1691d937329733e77b1ba7,Chiba,Chiba,Japan,Japan,5,2048.14,307.22,live
A10,Beppu Jigoku Onsen Ticket,inserted,,6a1691d937329733e77b1bae,Beppu,Beppu,Japan,Japan,3,1462.96,219.44,live
A11,Sand SPA Admission Ticket in Oita (Beppu Kaihin Sunayu),inserted,,6a1691d937329733e77b1bb3,Beppu,Beppu,Japan,Japan,3,1755.55,263.33,live
A12,Kyoto: Private Highlights Tour with Guide and Luxury Vehicle,updated,,6a1691908e9873e297863dec,Kyoto,Kyoto,Japan,Japan,2,20871.57,3130.74,live
277232,Tokyo Amazing Sightseeing Bus Day Tour,updated,,6a1691908e9873e297863df0,Tokyo,Tokyo,Japan,Japan,3,11847.9,1777.18,live
539004,Tokyo Departure: Car Rental with Driver to Tokyo/Yokohama/Kamakura - English-speaking Driver,inserted,,6a1691da37329733e77b1bbf,"Tokyo, Kamakura","Tokyo, Kamakura",Japan,Japan,1,20029.88,3004.48,live
614590,Osaka Car Rental with Driver to Kyoto/Kobe/Nara/Osaka,updated,,6a1691908e9873e297863df5,"Osaka, Kyoto, Nagoya, Tokyo","Osaka, Kyoto, Nagoya, Tokyo",Japan,Japan,1,154356.96,23153.54,live
320011,Kyoto Private One Day Tour with Hotel Pick-up from Osaka/Kyoto/Kobe,inserted,,6a1691da37329733e77b1bc4,"Osaka, Kyoto, Kobe","Osaka, Kyoto, Kobe",Japan,Japan,3,0.0,0.0,live
542830,Osaka Car Rental with Driver to Kyoto/Nara/Kobe - English/Chinese Speaking Driver,inserted,,6a1691da37329733e77b1bc9,"Osaka, Kyoto, Nara, Uji, Kobe","Osaka, Kyoto, Nara, Uji, Kobe",Japan,Japan,1,18192.4,2728.86,live
329465,Nagoya Shirakawa-go & Hida Takayama One-Day Tour,inserted,,6a1691db37329733e77b1bcc,"Nagoya, Shirakawa-go, Takayama","Nagoya, Shirakawa-go, Takayama",Japan,Japan,1,5498.03,824.7,live
539040,Tokyo Departure: Car Rental with Driver to Tokyo/Yokohama/Kamakura - English-speaking Driver,inserted,,6a1691db37329733e77b1bcf,"Tokyo, Kamakura","Tokyo, Kamakura",Japan,Japan,1,27379.79,4106.97,live
590074,Osaka City/Kyoto/Nara/Uji/Kobe Popular Locations Customized Chartered Car Day Tour,updated,,6a1691918e9873e297863df8,Osaka,Osaka,Japan,Japan,3,10621.09,1593.16,live
537815,Tokyo Departure: Car Rental with Driver to Tokyo/Yokohama/Kamakura - English-speaking Driver,inserted,,6a1691db37329733e77b1bd6,"Tokyo, Yokohama","Tokyo, Yokohama",Japan,Japan,1,23889.17,3583.38,live
545855,Osaka Car Rental with Driver to Kyoto/Kobe/Nara/Osaka,updated,,6a1691918e9873e297863dfd,"Osaka, Nara","Osaka, Nara",Japan,Japan,1,18082.19,2712.33,live
489377,Nara Charter Car Customizable 1-Day Trip (from Kyoto),updated,,6a1691928e9873e297863e00,"Kyoto, Nara","Kyoto, Nara",Japan,Japan,1,24991.27,3748.69,live
537831,Tokyo Departure: Car Rental with Driver to Tokyo/Yokohama/Kamakura - English-speaking Driver,inserted,,6a1691dc37329733e77b1bdd,"Tokyo, Yokohama","Tokyo, Yokohama",Japan,Japan,1,27564.13,4134.62,live
612852,Osaka Car Rental with Driver to Kyoto/Kobe/Nara/Osaka,updated,,6a1691928e9873e297863e03,"Osaka, Kyoto","Osaka, Kyoto",Japan,Japan,1,36751.52,5512.73,live
508970,Kerama Islands Snorkeling with Pick-up from Designated Spots in Naha,inserted,,6a1691dc37329733e77b1be2,"Naha, Kerama Islands","Naha, Kerama Islands",Japan,Japan,2,7372.91,1105.94,live
538611,Tokyo Departure: Car Rental with Driver to Tokyo/Yokohama/Kamakura - English-speaking Driver,inserted,,6a1691dc37329733e77b1be6,"Tokyo, Yokohama","Tokyo, Yokohama",Japan,Japan,1,27564.13,4134.62,live
545873,Osaka Car Rental with Driver to Kyoto/Kobe/Nara/Osaka,inserted,,6a1691dc37329733e77b1be9,"Osaka, Wakayama","Osaka, Wakayama",Japan,Japan,1,21316.31,3197.45,live
251255,Osaka Tsutenkaku Tower Ticket,updated,,6a1691928e9873e297863e06,Osaka,Osaka,Japan,Japan,2,936.92,140.54,live
589871,Osaka Car Rental with Driver to Kyoto/Nara/Kobe - English/Chinese Speaking Driver,inserted,,6a1691dc37329733e77b1bef,"Osaka, Kansai Region","Osaka, Kansai Region",Japan,Japan,1,48511.77,7276.77,live
394061,"Snow Monkeys, Zenko-ji Temple & Sake in Nagano day tour",inserted,,6a1691dd37329733e77b1bf2,Nagano,Nagano,Japan,Japan,3,13088.83,1963.32,live
538042,Tokyo Departure: Car Rental with Driver to Tokyo/Yokohama/Kamakura - English-speaking Driver,updated,,6a1691938e9873e297863e0a,Tokyo,Tokyo,Japan,Japan,1,14700.8,2205.12,live
277200,Tokyo Amazing Sightseeing Bus Day Tour,updated,,6a1691938e9873e297863e0d,Tokyo,Tokyo,Japan,Japan,3,12471.48,1870.72,live
614490,Osaka Car Rental with Driver to Kyoto/Kobe/Nara/Osaka,inserted,,6a1691dd37329733e77b1bfd,"Osaka, Kobe, Kyoto, Nara","Osaka, Kobe, Kyoto, Nara",Japan,Japan,1,80853.93,12128.09,live
513225,Lake Biwa Observation Deck and Shirahige Shrine Day Trip,inserted,,6a1691dd37329733e77b1c00,"Osaka, Kyoto, Shiga","Osaka, Kyoto, Shiga",Japan,Japan,3,7586.64,1138.0,live
538233,Tokyo Departure: Car Rental with Driver to Tokyo/Yokohama/Kamakura - English-speaking Driver,updated,,6a1691938e9873e297863e12,Tokyo,Tokyo,Japan,Japan,1,14700.8,2205.12,live
614543,Osaka Car Rental with Driver to Kyoto/Kobe/Nara/Osaka,updated,,6a1691938e9873e297863e15,"Osaka, Kyoto, Nara","Osaka, Kyoto, Nara",Japan,Japan,1,93717.25,14057.59,live
537794,Tokyo Departure: Car Rental with Driver to Tokyo/Yokohama/Kamakura - English-speaking Driver,inserted,,6a1691de37329733e77b1c09,"Tokyo, Yokohama","Tokyo, Yokohama",Japan,Japan,1,26461.05,3969.16,live
545743,Osaka Car Rental with Driver to Kyoto/Kobe/Nara/Osaka,updated,,6a1691948e9873e297863e18,Osaka,Osaka,Japan,Japan,1,14063.93,2109.59,live
394056,"Snow Monkeys, Zenko-ji Temple & Sake in Nagano day tour",inserted,,6a1691de37329733e77b1c0e,Nagano,Nagano,Japan,Japan,3,13088.83,1963.32,live
289890,Hakone Yumoto Onsen Tenseien Admission Ticket (Hakone),updated,,6a1691948e9873e297863e1b,Hakone,Hakone,Japan,Japan,1,1815.73,272.36,live
542801,Osaka Car Rental with Driver to Kyoto/Nara/Kobe - English/Chinese Speaking Driver,inserted,,6a1691de37329733e77b1c15,"Osaka, Kyoto, Nara, Uji, Kobe","Osaka, Kyoto, Nara, Uji, Kobe",Japan,Japan,1,16354.92,2453.24,live
559934,Mount Fuji Panoramic Day Trip (From Tokyo),inserted,,6a1691de37329733e77b1c18,"Tokyo, Mount Fuji, Hakone","Tokyo, Mount Fuji, Hakone",Japan,Japan,1,6663.21,999.48,live
678068,Kyoto Amanohashidate & Ine Funaya & Ine Bay Scenic Day Trip (Departing from Osaka or Kyoto),inserted,,6a1691df37329733e77b1c1b,"Kyoto, Amanohashidate, Ine, Miyama","Kyoto, Amanohashidate, Ine, Miyama",Japan,Japan,1,5111.02,766.65,live
538616,Tokyo Departure: Car Rental with Driver to Tokyo/Yokohama/Kamakura - English-speaking Driver,inserted,,6a1691df37329733e77b1c1e,"Tokyo, Yokohama","Tokyo, Yokohama",Japan,Japan,1,33076.56,4961.48,live
539015,Tokyo Departure: Car Rental with Driver to Tokyo/Yokohama/Kamakura - English-speaking Driver,inserted,,6a1691df37329733e77b1c21,"Tokyo, Kamakura","Tokyo, Kamakura",Japan,Japan,1,22051.69,3307.75,live
539046,Tokyo Departure: Car Rental with Driver to Tokyo/Yokohama/Kamakura - English-speaking Driver,inserted,,6a1691df37329733e77b1c24,"Tokyo, Kamakura","Tokyo, Kamakura",Japan,Japan,1,25542.32,3831.35,live
467911,[Kyoto Classic Deep Dive] Kinkaku-ji & Kiyomizu-dera Temple & Ninenzaka & Gion/Hanamikoji Street & Yasaka Shrine & Fushimi Inari-taisha Shrine In-Depth Slow Travel Day Tour (Departure from Osaka/Kyoto),updated,,6a1691958e9873e297863e1e,"Osaka, Kyoto","Osaka, Kyoto",Japan,Japan,1,4436.61,665.49,live
464670,OSAKA e-PASS,updated,,6a1691958e9873e297863e21,Osaka,Osaka,Japan,Japan,1,3248.6,487.29,live
539033,Tokyo Departure: Car Rental with Driver to Tokyo/Yokohama/Kamakura - English-speaking Driver,inserted,,6a1691e037329733e77b1c2b,"Tokyo, Kamakura","Tokyo, Kamakura",Japan,Japan,1,27564.13,4134.62,live
614438,Osaka Car Rental with Driver to Kyoto/Kobe/Nara/Osaka,inserted,,6a1691e037329733e77b1c2e,"Osaka, Kyoto, Kobe","Osaka, Kyoto, Kobe",Japan,Japan,1,55127.28,8269.09,live
297244,JR Whole Japan Rail Pass,updated,,6a1691958e9873e297863e24,"Nationwide, Japan","Fukuoka, Hokkaido, Nara, Tokyo, Kyoto, Hiroshima, Osaka, Chiryu, Nagoya, Sapporo, Hakone, Kanazawa, Mount Fuji, Kobe, Biei, Kawaguchiko, Beppu, Uji, Kansai Region, Tsuruga, Matsuyama, Asahikawa, Himeji, Komatsu, Tottori, Shirahama, Shiga, Nationwide, Yokohama, Chiba, Nagano, Shirakawa-go, Jozankei, Okinawa, Amanohashidate, Chitose, Wakayama, Naha, Shin Osaka, Arima, Awaji Island, Ine, Miyama, Hiroshima Shinkasen, Kamakura, Kerama Islands, Takayama",Japan,Japan,2,65601.85,9840.28,live
509196,Kerama Islands Snorkeling with Pick-up from Designated Spots in Naha,inserted,,6a1691e037329733e77b1c34,"Naha, Kerama Islands","Naha, Kerama Islands",Japan,Japan,2,6310.44,946.57,live
546327,Osaka Car Rental with Driver to Kyoto/Kobe/Nara/Osaka,updated,,6a1691968e9873e297863e28,Osaka,Osaka,Japan,Japan,1,16073.06,2410.96,live
539031,Tokyo Departure: Car Rental with Driver to Tokyo/Yokohama/Kamakura - English-speaking Driver,inserted,,6a1691e037329733e77b1c3a,"Tokyo, Kamakura","Tokyo, Kamakura",Japan,Japan,1,27747.48,4162.12,live
539019,Tokyo Departure: Car Rental with Driver to Tokyo/Yokohama/Kamakura - English-speaking Driver,inserted,,6a1691e037329733e77b1c3d,"Tokyo, Kamakura","Tokyo, Kamakura",Japan,Japan,1,21867.36,3280.1,live
546324,Osaka Car Rental with Driver to Kyoto/Kobe/Nara/Osaka,updated,,6a1691968e9873e297863e2b,Osaka,Osaka,Japan,Japan,1,15404.0,2310.6,live
539009,Tokyo Departure: Car Rental with Driver to Tokyo/Yokohama/Kamakura - English-speaking Driver,inserted,,6a1691e137329733e77b1c42,"Tokyo, Kamakura","Tokyo, Kamakura",Japan,Japan,1,16354.92,2453.24,live
539029,Tokyo Departure: Car Rental with Driver to Tokyo/Yokohama/Kamakura - English-speaking Driver,inserted,,6a1691e137329733e77b1c45,"Tokyo, Kamakura","Tokyo, Kamakura",Japan,Japan,1,20213.24,3031.99,live
545852,Osaka Car Rental with Driver to Kyoto/Kobe/Nara/Osaka,updated,,6a1691968e9873e297863e2e,"Osaka, Kyoto","Osaka, Kyoto",Japan,Japan,1,20580.93,3087.14,live
444913,Osaka Tsutenkaku Tower Ticket,updated,,6a1691968e9873e297863e31,Osaka,Osaka,Japan,Japan,2,686.87,103.03,live
505144,Sapporo Jozankei & Head Buddha One-Day Tour with Cultural Immersion,inserted,,6a1691e137329733e77b1c4d,"Sapporo, Jozankei","Sapporo, Jozankei",Japan,Japan,1,4997.93,749.69,live
297249,JR Whole Japan Rail Pass,updated,,6a1691978e9873e297863e35,"Nationwide, Japan","Fukuoka, Hokkaido, Nara, Tokyo, Kyoto, Hiroshima, Osaka, Chiryu, Nagoya, Sapporo, Hakone, Kanazawa, Mount Fuji, Kobe, Biei, Kawaguchiko, Beppu, Uji, Kansai Region, Tsuruga, Matsuyama, Asahikawa, Himeji, Komatsu, Tottori, Shirahama, Shiga, Nationwide, Yokohama, Chiba, Nagano, Shirakawa-go, Jozankei, Okinawa, Amanohashidate, Chitose, Wakayama, Naha, Shin Osaka, Arima, Awaji Island, Ine, Miyama, Hiroshima Shinkasen, Kamakura, Kerama Islands, Takayama",Japan,Japan,2,45890.27,6883.54,live
612722,Osaka Car Rental with Driver to Kyoto/Kobe/Nara/Osaka,updated,,6a1691978e9873e297863e39,"Osaka, Kyoto","Osaka, Kyoto",Japan,Japan,1,34914.04,5237.11,live
256729,"Snow Monkeys, Zenko-ji Temple & Sake in Nagano day tour",inserted,,6a1691e237329733e77b1c55,Nagano,Nagano,Japan,Japan,2,13237.2,1985.58,live
614581,Osaka Car Rental with Driver to Kyoto/Kobe/Nara/Osaka,updated,,6a1691978e9873e297863e3c,"Osaka, Kyoto, Nagoya, Tokyo","Osaka, Kyoto, Nagoya, Tokyo",Japan,Japan,1,139657.14,20948.57,live
695165,"Asahiyama Zoo & Biei Blue Pond & Shirogane Falls or Farm Tomita Day Trip (Departing from Sapporo, Hokkaido, includes original souvenir)",inserted,,6a1691e237329733e77b1c5b,"Sapporo, Asahikawa, Biei","Sapporo, Asahikawa, Biei",Japan,Japan,1,6248.19,937.23,live
545829,Osaka Car Rental with Driver to Kyoto/Kobe/Nara/Osaka,updated,,6a1691978e9873e297863e3f,"Osaka, Kyoto","Osaka, Kyoto",Japan,Japan,1,18082.19,2712.33,live
467912,[Kyoto Classic Deep Dive] Kinkaku-ji & Kiyomizu-dera Temple & Ninenzaka & Gion/Hanamikoji Street & Yasaka Shrine & Fushimi Inari-taisha Shrine In-Depth Slow Travel Day Tour (Departure from Osaka/Kyoto),updated,,6a1691988e9873e297863e42,"Osaka, Kyoto","Osaka, Kyoto",Japan,Japan,1,5739.79,860.97,live
537827,Tokyo Departure: Car Rental with Driver to Tokyo/Yokohama/Kamakura - English-speaking Driver,inserted,,6a1691e337329733e77b1c62,"Tokyo, Yokohama","Tokyo, Yokohama",Japan,Japan,1,30688.03,4603.2,live
533587,Tokyo Departure: Car Rental with Driver to Tokyo/Yokohama/Kamakura - English-speaking Driver,updated,,6a1691988e9873e297863e45,Tokyo,Tokyo,Japan,Japan,1,11025.85,1653.88,live
297252,JR Whole Japan Rail Pass,updated,,6a1691988e9873e297863e48,"Nationwide, Japan","Fukuoka, Hokkaido, Nara, Tokyo, Kyoto, Hiroshima, Osaka, Chiryu, Nagoya, Sapporo, Hakone, Kanazawa, Mount Fuji, Kobe, Biei, Kawaguchiko, Beppu, Uji, Kansai Region, Tsuruga, Matsuyama, Asahikawa, Himeji, Komatsu, Tottori, Shirahama, Shiga, Nationwide, Yokohama, Chiba, Nagano, Shirakawa-go, Jozankei, Okinawa, Amanohashidate, Chitose, Wakayama, Naha, Shin Osaka, Arima, Awaji Island, Ine, Miyama, Hiroshima Shinkasen, Kamakura, Kerama Islands, Takayama",Japan,Japan,2,72162.34,10824.35,live
537798,Tokyo Departure: Car Rental with Driver to Tokyo/Yokohama/Kamakura - English-speaking Driver,inserted,,6a1691e337329733e77b1c6a,"Tokyo, Yokohama","Tokyo, Yokohama",Japan,Japan,1,23889.17,3583.38,live
539026,Tokyo Departure: Car Rental with Driver to Tokyo/Yokohama/Kamakura - English-speaking Driver,inserted,,6a1691e337329733e77b1c6d,"Tokyo, Kamakura","Tokyo, Kamakura",Japan,Japan,1,23704.84,3555.73,live
517147,Mount Fuji and Lake Kawaguchiko Day Trip from Tokyo,inserted,,6a1691e337329733e77b1c70,"Tokyo, Mount Fuji, Kawaguchiko","Tokyo, Mount Fuji, Kawaguchiko",Japan,Japan,1,4629.6,694.44,live
545862,Osaka Car Rental with Driver to Kyoto/Kobe/Nara/Osaka,updated,,6a1691998e9873e297863e4c,"Osaka, Nara","Osaka, Nara",Japan,Japan,1,20580.93,3087.14,live
478317,Mount Fuji Panoramic Day Trip (From Tokyo),inserted,,6a1691e437329733e77b1c75,"Tokyo, Mount Fuji","Tokyo, Mount Fuji",Japan,Japan,1,4909.74,736.46,live
539002,Tokyo Departure: Car Rental with Driver to Tokyo/Yokohama/Kamakura - English-speaking Driver,inserted,,6a1691e437329733e77b1c78,"Tokyo, Kamakura","Tokyo, Kamakura",Japan,Japan,1,19845.55,2976.83,live
539010,Tokyo Departure: Car Rental with Driver to Tokyo/Yokohama/Kamakura - English-speaking Driver,inserted,,6a1691e437329733e77b1c7b,"Tokyo, Kamakura","Tokyo, Kamakura",Japan,Japan,1,23889.17,3583.38,live
678074,Kyoto Amanohashidate & Ine Funaya & Ine Bay Scenic Day Trip (Departing from Osaka or Kyoto),inserted,,6a1691e437329733e77b1c7e,"Kyoto, Amanohashidate, Ine, Miyama","Kyoto, Amanohashidate, Ine, Miyama",Japan,Japan,1,5111.02,766.65,live
464668,OSAKA e-PASS,updated,,6a1691998e9873e297863e4f,Osaka,Osaka,Japan,Japan,1,1499.28,224.89,live
542841,Osaka Car Rental with Driver to Kyoto/Nara/Kobe - English/Chinese Speaking Driver,inserted,,6a1691e537329733e77b1c83,"Osaka, Wakayama, Shiga, Himeji","Osaka, Wakayama, Shiga, Himeji",Japan,Japan,1,20029.88,3004.48,live
315280,Kyoto Day Tour with Optional Lunch,updated,,6a1691998e9873e297863e52,Kyoto,Kyoto,Japan,Japan,2,12495.34,1874.3,live
600003,Kyoto Amanohashidate & Ine Funaya & Ine Bay Scenic Day Trip (Departing from Osaka or Kyoto),inserted,,6a1691e537329733e77b1c89,"Kyoto, Amanohashidate, Ine","Kyoto, Amanohashidate, Ine",Japan,Japan,1,6122.65,918.4,live
383048,Churashima Okinawa Bus Day Tour (Naha or Chatan Departure),inserted,,6a1691e537329733e77b1c8c,"Naha, Okinawa","Naha, Okinawa",Japan,Japan,3,6484.75,972.71,live
542825,Osaka Car Rental with Driver to Kyoto/Nara/Kobe - English/Chinese Speaking Driver,inserted,,6a1691e537329733e77b1c91,"Osaka, Kansai Region","Osaka, Kansai Region",Japan,Japan,1,17273.66,2591.05,live
545877,Osaka Car Rental with Driver to Kyoto/Kobe/Nara/Osaka,inserted,,6a1691e537329733e77b1c94,"Osaka, Wakayama","Osaka, Wakayama",Japan,Japan,1,24255.89,3638.38,live
589866,Osaka Car Rental with Driver to Kyoto/Nara/Kobe - English/Chinese Speaking Driver,inserted,,6a1691e537329733e77b1c97,"Osaka, Kansai Region","Osaka, Kansai Region",Japan,Japan,1,44102.41,6615.36,live
291449,Osaka City/Kyoto/Nara/Uji/Kobe Popular Locations Customized Chartered Car Day Tour,inserted,,6a1691e637329733e77b1c9a,"Osaka, Kyoto, Nara, Uji, Kobe","Osaka, Kyoto, Nara, Uji, Kobe",Japan,Japan,3,13120.81,1968.12,live
669078,Osaka Tsutenkaku Tower Ticket,updated,,6a16919a8e9873e297863e56,Osaka,Osaka,Japan,Japan,1,1873.83,281.07,live
545286,Osaka Car Rental with Driver to Kyoto/Kobe/Nara/Osaka,updated,,6a16919b8e9873e297863e59,Osaka,Osaka,Japan,Japan,1,12724.83,1908.72,live
666757,"Asahiyama Zoo & Biei Blue Pond & Shirogane Falls or Farm Tomita Day Trip (Departing from Sapporo, Hokkaido, includes original souvenir)",inserted,,6a1691e637329733e77b1ca3,"Sapporo, Asahikawa, Biei","Sapporo, Asahikawa, Biei",Japan,Japan,1,4685.62,702.84,live
538488,Tokyo Departure: Car Rental with Driver to Tokyo/Yokohama/Kamakura - English-speaking Driver,updated,,6a16919b8e9873e297863e5c,Tokyo,Tokyo,Japan,Japan,1,22051.69,3307.75,live
539003,Tokyo Departure: Car Rental with Driver to Tokyo/Yokohama/Kamakura - English-speaking Driver,inserted,,6a1691e637329733e77b1ca8,"Tokyo, Kamakura","Tokyo, Kamakura",Japan,Japan,1,24255.89,3638.38,live
545865,Osaka Car Rental with Driver to Kyoto/Kobe/Nara/Osaka,inserted,,6a1691e737329733e77b1cab,"Osaka, Kobe","Osaka, Kobe",Japan,Japan,1,18082.19,2712.33,live
537819,Tokyo Departure: Car Rental with Driver to Tokyo/Yokohama/Kamakura - English-speaking Driver,inserted,,6a1691e737329733e77b1cae,"Tokyo, Yokohama","Tokyo, Yokohama",Japan,Japan,1,26277.7,3941.65,live
539053,Tokyo Departure: Car Rental with Driver to Tokyo/Yokohama/Kamakura - English-speaking Driver,inserted,,6a1691e737329733e77b1cb1,"Tokyo, Kamakura","Tokyo, Kamakura",Japan,Japan,1,31239.08,4685.86,live
315270,Kyoto Day Tour with Optional Lunch,updated,,6a16919b8e9873e297863e5f,Kyoto,Kyoto,Japan,Japan,2,11870.73,1780.61,live
538238,Tokyo Departure: Car Rental with Driver to Tokyo/Yokohama/Kamakura - English-speaking Driver,updated,,6a16919b8e9873e297863e63,Tokyo,Tokyo,Japan,Japan,1,20213.24,3031.99,live
545870,Osaka Car Rental with Driver to Kyoto/Kobe/Nara/Osaka,inserted,,6a1691e737329733e77b1cb9,"Osaka, Kobe","Osaka, Kobe",Japan,Japan,1,20580.93,3087.14,live
358062V1,Kyoto Kimono Rental Experience Photography 30 minutes | 50 film photos / 6 edited photos,updated,,6a16919c8e9873e297863e66,Kyoto,Kyoto,Japan,Japan,1,3077.09,461.56,live
358062V2,Kyoto Kimono Rental Experience Photography 60 minutes | 100 film photos / 12 professionally retouched photos,updated,,6a16919c8e9873e297863e69,Kyoto,Kyoto,Japan,Japan,1,4798.51,719.78,live
358062V3,Kyoto Kimono Rental Experience Photography 120 minutes | 200 film photos/20 edited photos,updated,,6a16919c8e9873e297863e6c,Kyoto,Kyoto,Japan,Japan,1,8559.29,1283.89,live
358062V4,Kyoto Kimono Rental Experience Photography 90 minutes | 150 film photos / 16 edited photos,updated,,6a16919c8e9873e297863e6f,Kyoto,Kyoto,Japan,Japan,1,6840.8,1026.12,live
538583,Tokyo Departure: Car Rental with Driver to Tokyo/Yokohama/Kamakura - English-speaking Driver,inserted,,6a1691e837329733e77b1cc4,"Tokyo, Yokohama","Tokyo, Yokohama",Japan,Japan,1,25726.65,3859.0,live
538246,Tokyo Departure: Car Rental with Driver to Tokyo/Yokohama/Kamakura - English-speaking Driver,updated,,6a16919c8e9873e297863e72,Tokyo,Tokyo,Japan,Japan,1,18375.76,2756.36,live
614514,Osaka Car Rental with Driver to Kyoto/Kobe/Nara/Osaka,updated,,6a16919c8e9873e297863e75,"Osaka, Kyoto","Osaka, Kyoto",Japan,Japan,1,93717.25,14057.59,live
297258,JR Whole Japan Rail Pass,updated,,6a16919d8e9873e297863e78,"Nationwide, Japan","Fukuoka, Hokkaido, Nara, Tokyo, Kyoto, Hiroshima, Osaka, Chiryu, Nagoya, Sapporo, Hakone, Kanazawa, Mount Fuji, Kobe, Biei, Kawaguchiko, Beppu, Uji, Kansai Region, Tsuruga, Matsuyama, Asahikawa, Himeji, Komatsu, Tottori, Shirahama, Shiga, Nationwide, Yokohama, Chiba, Nagano, Shirakawa-go, Jozankei, Okinawa, Amanohashidate, Chitose, Wakayama, Naha, Shin Osaka, Arima, Awaji Island, Ine, Miyama, Hiroshima Shinkasen, Kamakura, Kerama Islands, Takayama",Japan,Japan,2,91842.79,13776.42,live
277242,Tokyo Amazing Sightseeing Bus Day Tour,updated,,6a16919d8e9873e297863e7c,Tokyo,Tokyo,Japan,Japan,3,8746.64,1312.0,live
614476,Osaka Car Rental with Driver to Kyoto/Kobe/Nara/Osaka,inserted,,6a1691e937329733e77b1cd2,"Osaka, Kobe, Kyoto, Nara","Osaka, Kobe, Kyoto, Nara",Japan,Japan,1,77177.99,11576.7,live
539070,Tokyo Departure: Car Rental with Driver to Tokyo/Yokohama/Kamakura - English-speaking Driver,inserted,,6a1691e937329733e77b1cd5,"Tokyo, Kamakura","Tokyo, Kamakura",Japan,Japan,1,33076.56,4961.48,live
654051,Osaka City/Kyoto/Nara/Uji/Kobe Popular Locations Customized Chartered Car Day Tour,updated,,6a16919d8e9873e297863e81,Osaka,Osaka,Japan,Japan,3,12495.63,1874.34,live
297236,JR Whole Japan Rail Pass,updated,,6a16919d8e9873e297863e86,"Nationwide, Japan","Fukuoka, Hokkaido, Nara, Tokyo, Kyoto, Hiroshima, Osaka, Chiryu, Nagoya, Sapporo, Hakone, Kanazawa, Mount Fuji, Kobe, Biei, Kawaguchiko, Beppu, Uji, Kansai Region, Tsuruga, Matsuyama, Asahikawa, Himeji, Komatsu, Tottori, Shirahama, Shiga, Nationwide, Yokohama, Chiba, Nagano, Shirakawa-go, Jozankei, Okinawa, Amanohashidate, Chitose, Wakayama, Naha, Shin Osaka, Arima, Awaji Island, Ine, Miyama, Hiroshima Shinkasen, Kamakura, Kerama Islands, Takayama",Japan,Japan,2,51690.23,7753.53,live
538255,Tokyo Departure: Car Rental with Driver to Tokyo/Yokohama/Kamakura - English-speaking Driver,updated,,6a16919d8e9873e297863e8a,Tokyo,Tokyo,Japan,Japan,1,18375.76,2756.36,live
537786,Tokyo Departure: Car Rental with Driver to Tokyo/Yokohama/Kamakura - English-speaking Driver,inserted,,6a1691e937329733e77b1ce1,"Tokyo, Yokohama","Tokyo, Yokohama",Japan,Japan,1,19845.55,2976.83,live
539063,Tokyo Departure: Car Rental with Driver to Tokyo/Yokohama/Kamakura - English-speaking Driver,inserted,,6a1691e937329733e77b1ce4,"Tokyo, Kamakura","Tokyo, Kamakura",Japan,Japan,1,27564.13,4134.62,live
394064,Churashima Okinawa Bus Day Tour (Naha or Chatan Departure),inserted,,6a1691ea37329733e77b1ce7,"Naha, Okinawa","Naha, Okinawa",Japan,Japan,3,8550.54,1282.58,live
614574,Osaka Car Rental with Driver to Kyoto/Kobe/Nara/Osaka,updated,,6a16919e8e9873e297863e8d,"Osaka, Nagoya, Tokyo","Osaka, Nagoya, Tokyo",Japan,Japan,1,128631.29,19294.69,live
614444,Osaka Car Rental with Driver to Kyoto/Kobe/Nara/Osaka,inserted,,6a1691ea37329733e77b1cee,"Osaka, Kyoto, Kobe","Osaka, Kyoto, Kobe",Japan,Japan,1,62478.17,9371.73,live
539075,Tokyo Departure: Car Rental with Driver to Tokyo/Yokohama/Kamakura - English-speaking Driver,inserted,,6a1691ea37329733e77b1cf1,"Tokyo, Kamakura","Tokyo, Kamakura",Japan,Japan,1,31239.08,4685.86,live
289893,Hakone Yumoto Onsen Tenseien Admission Ticket (Hakone),updated,,6a16919e8e9873e297863e90,Hakone,Hakone,Japan,Japan,1,2392.61,358.89,live
275128,Tokyo Amazing Sightseeing Bus Day Tour,updated,,6a16919e8e9873e297863e93,Tokyo,Tokyo,Japan,Japan,3,12471.48,1870.72,live
600005,Kyoto Amanohashidate & Ine Funaya & Ine Bay Scenic Day Trip (Departing from Osaka or Kyoto),inserted,,6a1691eb37329733e77b1cfa,"Kyoto, Amanohashidate, Ine","Kyoto, Amanohashidate, Ine",Japan,Japan,1,6122.65,918.4,live
511045,Osaka: Guided Food Tour with 12 Dishes at 4 Local Eateries,updated,,6a16919f8e9873e297863e98,Osaka,Osaka,Japan,Japan,3,7478.74,1121.81,live
682825,"Himeji Castle, Kobe Mt. Rokko & Arima Onsen Day Trip (Spring/Year-round)",inserted,,6a1691eb37329733e77b1d01,"Osaka, Himeji, Kobe, Arima","Osaka, Himeji, Kobe, Arima",Japan,Japan,1,5701.4,855.21,live
372146,Churashima Okinawa Bus Day Tour (Naha or Chatan Departure),inserted,,6a1691eb37329733e77b1d04,"Naha, Okinawa","Naha, Okinawa",Japan,Japan,3,4360.87,654.13,live
539023,Tokyo Departure: Car Rental with Driver to Tokyo/Yokohama/Kamakura - English-speaking Driver,inserted,,6a1691eb37329733e77b1d09,"Tokyo, Kamakura","Tokyo, Kamakura",Japan,Japan,1,23337.15,3500.57,live
275840,Tokyo Amazing Sightseeing Bus Day Tour,updated,,6a16919f8e9873e297863e9d,Tokyo,Tokyo,Japan,Japan,3,11847.9,1777.18,live
500265,Kyoto Amanohashidate & Ine Funaya & Ine Bay Scenic Day Trip (Departing from Osaka or Kyoto),inserted,,6a1691ec37329733e77b1d10,"Kyoto, Ine, Amanohashidate","Kyoto, Ine, Amanohashidate",Japan,Japan,1,5061.22,759.18,live
509209,Kerama Islands Snorkeling with Pick-up from Designated Spots in Naha,inserted,,6a1691ec37329733e77b1d13,"Naha, Kerama Islands","Naha, Kerama Islands",Japan,Japan,2,9777.97,1466.7,live
614532,Osaka Car Rental with Driver to Kyoto/Kobe/Nara/Osaka,updated,,6a1691a08e9873e297863ea2,"Osaka, Kyoto","Osaka, Kyoto",Japan,Japan,1,99229.68,14884.45,live
537806,Tokyo Departure: Car Rental with Driver to Tokyo/Yokohama/Kamakura - English-speaking Driver,inserted,,6a1691ec37329733e77b1d19,"Tokyo, Yokohama","Tokyo, Yokohama",Japan,Japan,1,22051.69,3307.75,live
614461,Osaka Car Rental with Driver to Kyoto/Kobe/Nara/Osaka,updated,,6a1691a08e9873e297863ea5,"Osaka, Kyoto, Nara","Osaka, Kyoto, Nara",Japan,Japan,1,55127.28,8269.09,live
614465,Osaka Car Rental with Driver to Kyoto/Kobe/Nara/Osaka,updated,,6a1691a08e9873e297863ea8,"Osaka, Kyoto, Nara","Osaka, Kyoto, Nara",Japan,Japan,1,62478.17,9371.73,live
537825,Tokyo Departure: Car Rental with Driver to Tokyo/Yokohama/Kamakura - English-speaking Driver,inserted,,6a1691ed37329733e77b1d20,"Tokyo, Yokohama","Tokyo, Yokohama",Japan,Japan,1,20213.24,3031.99,live
538234,Tokyo Departure: Car Rental with Driver to Tokyo/Yokohama/Kamakura - English-speaking Driver,updated,,6a1691a08e9873e297863eab,Tokyo,Tokyo,Japan,Japan,1,18008.07,2701.21,live
614510,Osaka Car Rental with Driver to Kyoto/Kobe/Nara/Osaka,inserted,,6a1691ed37329733e77b1d25,"Osaka, Kobe, Kyoto, Uji","Osaka, Kobe, Kyoto, Uji",Japan,Japan,1,80853.93,12128.09,live
281447,Churashima Okinawa Bus Day Tour (Naha or Chatan Departure),inserted,,6a1691ed37329733e77b1d28,"Naha, Okinawa","Naha, Okinawa",Japan,Japan,3,4673.17,700.98,live
589308,Tokyo: Sumo Live Show with Photo in Shinjuku,updated,,6a1691a18e9873e297863eae,Tokyo,Tokyo,Japan,Japan,2,6638.31,995.75,live
539021,Tokyo Departure: Car Rental with Driver to Tokyo/Yokohama/Kamakura - English-speaking Driver,inserted,,6a1691ed37329733e77b1d30,"Tokyo, Kamakura","Tokyo, Kamakura",Japan,Japan,1,23889.17,3583.38,live
464669,OSAKA e-PASS,updated,,6a1691a18e9873e297863eb2,Osaka,Osaka,Japan,Japan,1,1873.83,281.07,live
589852,Osaka Car Rental with Driver to Kyoto/Nara/Kobe - English/Chinese Speaking Driver,inserted,,6a1691ee37329733e77b1d35,"Osaka, Kansai Region","Osaka, Kansai Region",Japan,Japan,1,40427.45,6064.12,live
614501,Osaka Car Rental with Driver to Kyoto/Kobe/Nara/Osaka,inserted,,6a1691ee37329733e77b1d38,"Osaka, Kobe, Kyoto, Uji","Osaka, Kobe, Kyoto, Uji",Japan,Japan,1,77177.99,11576.7,live
614566,Osaka Car Rental with Driver to Kyoto/Kobe/Nara/Osaka,updated,,6a1691a28e9873e297863eb5,"Osaka, Nagoya, Tokyo","Osaka, Nagoya, Tokyo",Japan,Japan,1,128631.29,19294.69,live
317635,Kyoto & Nara Full-Day Private Guided Tour with Transfers,updated,,6a1691a28e9873e297863eb8,"Kyoto, Nara","Kyoto, Nara",Japan,Japan,3,0.0,0.0,live
612629,Osaka Car Rental with Driver to Kyoto/Kobe/Nara/Osaka,updated,,6a1691a28e9873e297863ebd,"Osaka, Nara","Osaka, Nara",Japan,Japan,1,34914.04,5237.11,live
538256,Tokyo Departure: Car Rental with Driver to Tokyo/Yokohama/Kamakura - English-speaking Driver,updated,,6a1691a28e9873e297863ec0,Tokyo,Tokyo,Japan,Japan,1,24255.89,3638.38,live
538624,Tokyo Departure: Car Rental with Driver to Tokyo/Yokohama/Kamakura - English-speaking Driver,inserted,,6a1691ef37329733e77b1d45,"Tokyo, Yokohama","Tokyo, Yokohama",Japan,Japan,1,31239.08,4685.86,live
539041,Tokyo Departure: Car Rental with Driver to Tokyo/Yokohama/Kamakura - English-speaking Driver,inserted,,6a1691ef37329733e77b1d48,"Tokyo, Kamakura","Tokyo, Kamakura",Japan,Japan,1,25726.65,3859.0,live
589859,Osaka Car Rental with Driver to Kyoto/Nara/Kobe - English/Chinese Speaking Driver,inserted,,6a1691ef37329733e77b1d4b,"Osaka, Kansai Region","Osaka, Kansai Region",Japan,Japan,1,45572.19,6835.83,live
542807,Osaka Car Rental with Driver to Kyoto/Nara/Kobe - English/Chinese Speaking Driver,inserted,,6a1691ef37329733e77b1d4e,"Osaka, Wakayama, Shiga, Himeji","Osaka, Wakayama, Shiga, Himeji",Japan,Japan,1,18192.4,2728.86,live
500266,Kyoto Amanohashidate & Ine Funaya & Ine Bay Scenic Day Trip (Departing from Osaka or Kyoto),inserted,,6a1691ef37329733e77b1d51,"Kyoto, Ine, Amanohashidate","Kyoto, Ine, Amanohashidate",Japan,Japan,1,5061.22,759.18,live
539006,Tokyo Departure: Car Rental with Driver to Tokyo/Yokohama/Kamakura - English-speaking Driver,inserted,,6a1691ef37329733e77b1d54,"Tokyo, Kamakura","Tokyo, Kamakura",Japan,Japan,1,16170.59,2425.59,live
542813,Osaka Car Rental with Driver to Kyoto/Nara/Kobe - English/Chinese Speaking Driver,inserted,,6a1691f037329733e77b1d57,"Osaka, Shirahama, Tottori, Awaji Island","Osaka, Shirahama, Tottori, Awaji Island",Japan,Japan,1,20029.88,3004.48,live
496607,Osaka Castle 3 hours Historical Walking Tour,updated,,6a1691a38e9873e297863ec3,Osaka,Osaka,Japan,Japan,7,9377.58,1406.64,live
537789,Tokyo Departure: Car Rental with Driver to Tokyo/Yokohama/Kamakura - English-speaking Driver,inserted,,6a1691f037329733e77b1d62,"Tokyo, Yokohama","Tokyo, Yokohama",Japan,Japan,1,21683.03,3252.45,live
326647,Osaka Aquarium Kaiyukan Ticket,updated,,6a1691a38e9873e297863ecc,Osaka,Osaka,Japan,Japan,3,1687.07,253.06,live
685863,"Himeji Castle, Kobe Mt. Rokko & Arima Onsen Day Trip (Spring/Year-round)",inserted,,6a1691f037329733e77b1d69,"Osaka, Himeji, Kobe, Arima","Osaka, Himeji, Kobe, Arima",Japan,Japan,1,5076.78,761.52,live
394053,"Snow Monkeys, Zenko-ji Temple & Sake in Nagano day tour",inserted,,6a1691f037329733e77b1d6c,Nagano,Nagano,Japan,Japan,3,15463.8,2319.57,live
297221,JR Whole Japan Rail Pass,updated,,6a1691a48e9873e297863ed1,"Nationwide, Japan","Fukuoka, Hokkaido, Nara, Tokyo, Kyoto, Hiroshima, Osaka, Chiryu, Nagoya, Sapporo, Hakone, Kanazawa, Mount Fuji, Kobe, Biei, Kawaguchiko, Beppu, Uji, Kansai Region, Tsuruga, Matsuyama, Asahikawa, Himeji, Komatsu, Tottori, Shirahama, Shiga, Nationwide, Yokohama, Chiba, Nagano, Shirakawa-go, Jozankei, Okinawa, Amanohashidate, Chitose, Wakayama, Naha, Shin Osaka, Arima, Awaji Island, Ine, Miyama, Hiroshima Shinkasen, Kamakura, Kerama Islands, Takayama",Japan,Japan,2,32800.4,4920.06,live
496606,Osaka Castle 3 hours Historical Walking Tour,updated,,6a1691a48e9873e297863ed5,Osaka,Osaka,Japan,Japan,1,2709.07,406.36,live
538100,Tokyo Departure: Car Rental with Driver to Tokyo/Yokohama/Kamakura - English-speaking Driver,updated,,6a1691a48e9873e297863ed8,Tokyo,Tokyo,Japan,Japan,1,18375.76,2756.36,live
289889,Hakone Yumoto Onsen Tenseien Admission Ticket (Hakone),updated,,6a1691a48e9873e297863edb,Hakone,Hakone,Japan,Japan,1,1331.19,199.68,live
542849,Osaka Car Rental with Driver to Kyoto/Nara/Kobe - English/Chinese Speaking Driver,inserted,,6a1691f137329733e77b1d7a,"Osaka, Shirahama, Tottori, Awaji Island","Osaka, Shirahama, Tottori, Awaji Island",Japan,Japan,1,21867.36,3280.1,live
614552,Osaka Car Rental with Driver to Kyoto/Kobe/Nara/Osaka,updated,,6a1691a48e9873e297863ede,"Osaka, Kyoto, Nara","Osaka, Kyoto, Nara",Japan,Japan,1,99229.68,14884.45,live
508827,Kerama Islands Snorkeling with Pick-up from Designated Spots in Naha,inserted,,6a1691f137329733e77b1d7f,"Naha, Kerama Islands","Naha, Kerama Islands",Japan,Japan,2,5044.62,756.69,live
612640,Osaka Car Rental with Driver to Kyoto/Kobe/Nara/Osaka,updated,,6a1691a58e9873e297863ee1,"Osaka, Nara","Osaka, Nara",Japan,Japan,1,36751.52,5512.73,live
433254,Osaka's 4 Major Attractions: Lake Biwa & La Collina Day Trip,inserted,,6a1691f237329733e77b1d85,"Osaka, Shiga","Osaka, Shiga",Japan,Japan,1,5329.95,799.49,live
448691,Mount Fuji and Shibazakura Festival Full-Day Flower Viewing Tour,inserted,,6a1691f237329733e77b1d88,"Tokyo, Mount Fuji","Tokyo, Mount Fuji",Japan,Japan,1,4873.42,731.01,live
538469,Tokyo Departure: Car Rental with Driver to Tokyo/Yokohama/Kamakura - English-speaking Driver,updated,,6a1691a58e9873e297863ee4,Tokyo,Tokyo,Japan,Japan,1,23889.17,3583.38,live
275854,Tokyo Amazing Sightseeing Bus Day Tour,updated,,6a1691a58e9873e297863ee7,Tokyo,Tokyo,Japan,Japan,3,8746.64,1312.0,live
537792,Tokyo Departure: Car Rental with Driver to Tokyo/Yokohama/Kamakura - English-speaking Driver,inserted,,6a1691f237329733e77b1d91,"Tokyo, Yokohama","Tokyo, Yokohama",Japan,Japan,1,16170.59,2425.59,live
539032,Tokyo Departure: Car Rental with Driver to Tokyo/Yokohama/Kamakura - English-speaking Driver,inserted,,6a1691f237329733e77b1d94,"Tokyo, Kamakura","Tokyo, Kamakura",Japan,Japan,1,20029.88,3004.48,live
542723,Osaka Car Rental with Driver to Kyoto/Nara/Kobe - English/Chinese Speaking Driver,inserted,,6a1691f337329733e77b1d97,"Osaka, Kansai Region","Osaka, Kansai Region",Japan,Japan,1,14517.44,2177.62,live
539007,Tokyo Departure: Car Rental with Driver to Tokyo/Yokohama/Kamakura - English-speaking Driver,inserted,,6a1691f337329733e77b1d9a,"Tokyo, Kamakura","Tokyo, Kamakura",Japan,Japan,1,28666.22,4299.93,live
538603,Tokyo Departure: Car Rental with Driver to Tokyo/Yokohama/Kamakura - English-speaking Driver,inserted,,6a1691f337329733e77b1d9d,"Tokyo, Yokohama","Tokyo, Yokohama",Japan,Japan,1,31239.08,4685.86,live
